1327678621454971,29.3921,130.493,0.538698
1327678621504968,29.3935,130.493,0.538698
1327678621554966,29.3937,130.492,0.538539
1327678621604964,29.3939,130.492,0.53869
1327678621655975,29.3956,130.491,0.537903
1327678621705973,29.3919,130.488,0.537897
1327678621755971,29.3924,130.49,0.537892
1327678621805969,29.3934,130.491,0.537886
1327678621855967,29.3942,130.492,0.537881
1327678621905961,29.3928,130.492,0.539125
1327678621955959,29.3933,130.491,0.538182
1327678622006975,29.3918,130.49,0.538177
1327678622056971,29.393,130.491,0.538171
1327678622106969,29.393,130.493,0.538478
1327678622156966,29.394,130.492,0.538473
1327678622206963,29.3952,130.491,0.538467
1327678622256959,29.3944,130.492,0.538462
1327678622306956,29.395,130.492,0.538457
1327678622357972,29.3966,130.491,0.538451
1327678622407970,29.3939,130.491,0.538446
1327678622457968,29.3942,130.491,0.537815
1327678622507966,29.3904,130.49,0.53781
1327678622557965,29.3928,130.492,0.537804
1327678622607961,29.3916,130.488,0.537798
1327678622657959,29.3937,130.495,0.537793
1327678622708970,29.3929,130.491,0.537944
1327678622758968,29.3934,130.49,0.538094
1327678622808967,29.392,130.491,0.538089
1327678622858966,29.3944,130.49,0.538396
1327678622908962,29.395,130.494,0.538078
1327678622958960,29.3964,130.494,0.538073
1327678623009976,29.3942,130.492,0.538067
1327678623059972,29.3967,130.489,0.538374
1327678623109967,29.3965,130.491,0.538369
1327678623159965,29.3962,130.49,0.538364
1327678623209962,29.3954,130.493,0.538358
1327678623259959,29.3955,130.491,0.538353
1327678623309955,29.3952,130.492,0.538347
1327678623360972,29.3945,130.49,0.538342
1327678623410961,29.3947,130.491,0.537711
1327678623460965,29.3991,130.49,0.537706
1327678623510961,29.3907,130.489,0.5377
1327678623560960,29.3919,130.491,0.537695
1327678623610958,29.3945,130.493,0.538314
1327678623660954,29.3939,130.491,0.538465
1327678623711968,29.3961,130.491,0.537835
1327678623761964,29.3953,130.49,0.538142
1327678623811963,29.3963,130.491,0.537824
1327678623861960,29.3971,130.493,0.537819
1327678623911959,29.3934,130.49,0.538438
1327678623961956,29.3964,130.491,0.538433
1327678624011954,29.3937,130.489,0.538115
1327678624062965,29.3943,130.493,0.538109
1327678624112964,29.3934,130.491,0.538104
1327678624162962,29.3952,130.488,0.538411
1327678624212961,29.3946,130.494,0.538405
1327678624262957,29.3961,130.488,0.5384
1327678624312956,29.395,130.489,0.538082
1327678624362948,29.3967,130.491,0.538077
1327678624413964,29.3953,130.491,0.538071
1327678624463960,29.395,130.491,0.538066
1327678624513956,29.3947,130.49,0.53806
1327678624563957,29.3953,130.49,0.538055
1327678624613955,29.3969,130.49,0.538049
1327678624663954,29.3952,130.49,0.538044
1327678624713951,29.3971,130.489,0.538038
1327678624764961,29.3973,130.489,0.538033
1327678624814961,29.3981,130.492,0.538028
1327678624864957,29.3948,130.488,0.537866
1327678624914955,29.396,130.49,0.538486
1327678624964953,29.3973,130.491,0.537855
1327678625014951,29.3963,130.491,0.538006
1327678625064947,29.395,130.492,0.538001
1327678625115960,29.3945,130.489,0.537683
1327678625165959,29.3964,130.488,0.537677
1327678625215957,29.3977,130.489,0.537672
1327678625265954,29.3971,130.491,0.537666
1327678625315952,29.3959,130.489,0.53813
1327678625365950,29.3968,130.49,0.537499
1327678625415950,29.3968,130.49,0.53765
1327678625466959,29.3989,130.49,0.537645
1327678625516958,29.3976,130.489,0.537639
1327678625566956,29.3963,130.491,0.538103
1327678625616953,29.3956,130.488,0.537785
1327678625666951,29.3951,130.49,0.537779
1327678625716949,29.3985,130.49,0.537774
1327678625766944,29.397,130.491,0.538394
1327678625817957,29.3988,130.487,0.538232
1327678625867955,29.3984,130.489,0.538383
1327678625917954,29.3961,130.49,0.538377
1327678625967951,29.3967,130.488,0.537747
1327678626017948,29.3957,130.487,0.537741
1327678626067945,29.397,130.489,0.537736
1327678626117942,29.3954,130.49,0.537731
1327678626168955,29.397,130.489,0.537725
1327678626218953,29.3982,130.487,0.53772
1327678626268952,29.3969,130.489,0.537402
1327678626318950,29.394,130.488,0.538021
1327678626368948,29.3957,130.487,0.538016
1327678626418943,29.3984,130.491,0.53801
1327678626468941,29.3958,130.488,0.538005
1327678626519959,29.3967,130.49,0.537999
1327678626569952,29.3975,130.49,0.537994
1327678626619950,29.3958,130.488,0.537832
1327678626669949,29.395,130.488,0.537827
1327678626719946,29.401,130.486,0.537821
1327678626769942,29.3955,130.487,0.537816
1327678626819937,29.3981,130.487,0.53781
1327678626870953,29.3978,130.488,0.537805
1327678626920951,29.398,130.489,0.5378
1327678626970948,29.3955,130.489,0.53795
1327678627020946,29.4004,130.489,0.537945
1327678627070944,29.3977,130.489,0.53794
1327678627120941,29.3971,130.488,0.537934
1327678627170936,29.3983,130.487,0.537929
1327678627221950,29.398,130.487,0.537923
1327678627271944,29.3992,130.488,0.537918
1327678627321948,29.3987,130.488,0.537756
1327678627371946,29.3994,130.488,0.537907
1327678627421943,29.3986,130.485,0.538058
1327678627471938,29.3965,130.489,0.537428
1327678627521935,29.3961,130.487,0.537422
1327678627572952,29.3991,130.488,0.537417
1327678627622947,29.3959,130.488,0.537724
1327678627672945,29.3985,130.486,0.537718
1327678627722943,29.3994,130.488,0.537713
1327678627772940,29.3974,130.486,0.537707
1327678627822933,29.3962,130.488,0.537702
1327678627872933,29.3985,130.487,0.537697
1327678627923948,29.3964,130.488,0.537691
1327678627973945,29.3982,130.485,0.537686
1327678628023943,29.3982,130.488,0.537836
1327678628073941,29.3974,130.486,0.537831
1327678628123938,29.3977,130.488,0.5372
1327678628173934,29.3988,130.489,0.537195
1327678628223933,29.3984,130.487,0.537815
1327678628274948,29.3968,130.485,0.537809
1327678628324943,29.3989,130.486,0.537491
1327678628374350,29.3993,130.489,0.537486
1327678628424939,29.3966,130.489,0.53748
1327678628474937,29.3961,130.485,0.537475
1327678628524933,29.3992,130.484,0.537313
1327678628574932,29.3978,130.486,0.537308
1327678628625947,29.3975,130.486,0.537927
1327678628675942,29.3995,130.485,0.537922
1327678628725939,29.3988,130.484,0.537916
1327678628775938,29.3987,130.488,0.537911
1327678628825935,29.3975,130.485,0.537905
1327678628875931,29.4002,130.485,0.537744
1327678628925929,29.3971,130.488,0.537738
1327678628976947,29.3993,130.483,0.537733
1327678629026944,29.3982,130.486,0.537727
1327678629076944,29.4002,130.487,0.537409
1327678629126937,29.3994,130.485,0.537404
1327678629176934,29.3952,130.485,0.537398
1327678629226933,29.3988,130.486,0.537393
1327678629276924,29.3997,130.484,0.537387
1327678629327941,29.3982,130.484,0.537382
1327678629377939,29.3985,130.486,0.537532
1327678629427937,29.3989,130.485,0.537527
1327678629477934,29.3988,130.485,0.537365
1327678629527932,29.4002,130.485,0.537672
1327678629577930,29.3987,130.483,0.537667
1327678629627926,29.4015,130.485,0.537661
1327678629678939,29.4005,130.485,0.537656
1327678629728937,29.3985,130.487,0.537026
1327678629778935,29.4011,130.486,0.537645
1327678629828933,29.399,130.487,0.537327
1327678629878930,29.4007,130.484,0.536853
1327678629928928,29.3993,130.485,0.53716
1327678629978925,29.3997,130.487,0.537624
1327678630029941,29.401,130.483,0.537618
1327678630079936,29.3994,130.486,0.537613
1327678630129934,29.3969,130.484,0.537607
1327678630179935,29.3998,130.485,0.537602
1327678630229926,29.3996,130.486,0.537596
1327678630279922,29.3989,130.488,0.537591
1327678630329920,29.3977,130.486,0.537585
1327678630380943,29.3994,130.484,0.537424
1327678630430934,29.3988,130.486,0.537418
1327678630480931,29.399,130.486,0.537413
1327678630530929,29.4003,130.485,0.537095
1327678630580928,29.3988,130.485,0.538339
1327678630630925,29.4005,130.483,0.538021
1327678630680921,29.4006,130.485,0.538016
1327678630731933,29.4014,130.487,0.538011
1327678630781932,29.3977,130.483,0.538005
1327678630831930,29.4007,130.483,0.537843
1327678630881928,29.4,130.484,0.537838
1327678630931925,29.398,130.483,0.53752
1327678630981923,29.3994,130.485,0.537202
1327678631031920,29.3987,130.484,0.537509
1327678631082932,29.4019,130.484,0.537503
1327678631132930,29.4009,130.483,0.537498
1327678631182928,29.3999,130.484,0.537492
1327678631232926,29.3996,130.485,0.537487
1327678631282924,29.3978,130.485,0.537481
1327678631332922,29.3997,130.483,0.537476
1327678631382920,29.399,130.483,0.538408
1327678631433934,29.3983,130.483,0.541215
1327678631483929,29.4009,130.486,0.54871
1327678631533928,29.3982,130.49,0.556204
1327678631583926,29.3943,130.49,0.563699
1327678631633921,29.3919,130.489,0.571974
1327678631683918,29.3955,130.493,0.579313
1327678631733914,29.3899,130.495,0.586963
1327678631784929,29.3909,130.495,0.593833
1327678631834927,29.3893,130.5,0.601328
1327678631884925,29.388,130.499,0.607572
1327678631934922,29.3871,130.499,0.61491
1327678631984920,29.3845,130.503,0.62053
1327678632034918,29.3855,130.503,0.628024
1327678632084914,29.382,130.506,0.634581
1327678632135930,29.3848,130.508,0.644264
1327678632185925,29.3786,130.508,0.653633
1327678632235923,29.3763,130.514,0.668628
1327678632285921,29.3729,130.515,0.688309
1327678632335919,29.3679,130.516,0.710491
1327678632385914,29.3665,130.521,0.732986
1327678632435910,29.3598,130.527,0.75673
1327678632486926,29.3548,130.528,0.780786
1327678632536919,29.3539,130.531,0.803281
1327678632586922,29.3546,130.537,0.828275
1327678632636920,29.3418,130.543,0.848269
1327678632686919,29.3397,130.544,0.870763
1327678632736916,29.331,130.551,0.893257
1327678632786913,29.3289,130.554,0.91575
1327678632837927,29.3223,130.556,0.938244
1327678632887922,29.3206,130.558,0.960738
1327678632937920,29.318,130.561,0.983231
1327678632987918,29.3097,130.562,1.00572
1327678633037916,29.3067,130.571,1.02759
1327678633087914,29.2985,130.57,1.05009
1327678633137910,29.296,130.572,1.07242
1327678633188922,29.2895,130.576,1.09695
1327678633238920,29.2815,130.576,1.11944
1327678633288919,29.2775,130.58,1.14318
1327678633338917,29.2713,130.584,1.1663
1327678633388914,29.2638,130.586,1.18879
1327678633438911,29.2559,130.588,1.21066
1327678633488910,29.2552,130.59,1.23377
1327678633539919,29.2444,130.592,1.25627
1327678633589921,29.243,130.592,1.28063
1327678633639916,29.2385,130.59,1.30312
1327678633689915,29.2301,130.597,1.32561
1327678633739912,29.2227,130.596,1.34811
1327678633789911,29.2183,130.597,1.37278
1327678633839906,29.208,130.598,1.39402
1327678633890925,29.2078,130.597,1.41839
1327678633940922,29.1944,130.599,1.44088
1327678633990922,29.1901,130.597,1.46368
1327678634040914,29.1847,130.598,1.48742
1327678634090912,29.1785,130.602,1.50991
1327678634140911,29.18,130.6,1.5349
1327678634190904,29.1692,130.601,1.55738
1327678634241921,29.1675,130.6,1.58237
1327678634291918,29.1566,130.601,1.60486
1327678634341914,29.1508,130.597,1.62735
1327678634391913,29.1483,130.599,1.65109
1327678634466907,29.1386,130.594,1.68545
1327678634516905,29.1243,130.597,1.70809
1327678634566902,29.1248,130.595,1.73058
1327678634617914,29.119,130.593,1.75509
1327678634667913,29.1131,130.592,1.7782
1327678634717911,29.1149,130.594,1.80319
1327678634767908,29.0993,130.593,1.82255
1327678634817905,29.0958,130.59,1.84253
1327678634867904,29.0893,130.586,1.85314
1327678634917897,29.0928,130.587,1.8625
1327678634968914,29.0847,130.586,1.86718
1327678635018913,29.0909,130.59,1.87216
1327678635068909,29.0838,130.591,1.87496
1327678635118906,29.086,130.591,1.87994
1327678635168903,29.0874,130.594,1.8793
1327678635218902,29.0821,130.595,1.87554
1327678635268899,29.0777,130.602,1.87177
1327678635319910,29.0765,130.607,1.87207
1327678635369914,29.0756,130.608,1.87455
1327678635419906,29.0695,130.619,1.87454
1327678635469904,29.0628,130.629,1.87452
1327678635519902,29.0597,130.641,1.87451
1327678635569900,29.05,130.648,1.87449
1327678635619897,29.0406,130.657,1.87416
1327678635670909,29.0369,130.668,1.87415
1327678635720908,29.0329,130.676,1.87413
1327678635770906,29.0268,130.689,1.87412
1327678635820902,29.0134,130.702,1.8741
1327678635870901,29.0144,130.712,1.87409
1327678635920898,29.0015,130.727,1.87282
1327678635970896,28.9969,130.736,1.87281
1327678636021910,28.9912,130.747,1.87279
1327678636071906,28.9771,130.761,1.87419
1327678636121905,28.9714,130.776,1.87417
1327678636171904,28.9717,130.785,1.87416
1327678636221900,28.9601,130.798,1.87289
1327678636271897,28.9545,130.812,1.87413
1327678636321891,28.9451,130.822,1.87412
1327678636372907,28.9434,130.837,1.8752
1327678636422907,28.9347,130.848,1.87518
1327678636472904,28.9294,130.858,1.87486
1327678636522902,28.9175,130.874,1.87234
1327678636572897,28.9129,130.891,1.86749
1327678636622894,28.9048,130.896,1.85747
1327678636672893,28.9052,130.912,1.84371
1327678636723906,28.9032,130.93,1.8287
1327678636773904,28.9004,130.943,1.80854
1327678636823903,28.904,130.958,1.78588
1327678636873899,28.8983,130.973,1.76555
1327678636923897,28.8973,130.993,1.74772
1327678636973893,28.8941,131.009,1.7274
1327678637023890,28.8975,131.022,1.71708
1327678637074904,28.8955,131.035,1.70614
1327678637124338,28.8871,131.048,1.70083
1327678637174901,28.8854,131.063,1.69958
1327678637224898,28.8847,131.078,1.69739
1327678637274896,28.8757,131.098,1.69474
1327678637324890,28.8725,131.116,1.69444
1327678637374887,28.8631,131.133,1.69524
1327678637425903,28.8595,131.153,1.69463
1327678637475901,28.8612,131.166,1.69434
1327678637525899,28.8462,131.189,1.69155
1327678637575894,28.8519,131.203,1.69127
1327678637625898,28.8464,131.222,1.69114
1327678637675890,28.8449,131.242,1.69087
1327678637725890,28.8437,131.253,1.69059
1327678637776903,28.8398,131.274,1.68782
1327678637826899,28.8363,131.295,1.68505
1327678637876896,28.8394,131.303,1.68979
1327678637926895,28.8362,131.325,1.68671
1327678637976892,28.8311,131.342,1.6852
1327678638026888,28.8318,131.358,1.68557
1327678638076887,28.8272,131.375,1.68579
1327678638127902,28.8283,131.398,1.68538
1327678638177896,28.8271,131.405,1.68717
1327678638227894,28.8234,131.429,1.68692
1327678638277893,28.824,131.448,1.687
1327678638327891,28.8163,131.461,1.68676
1327678638377889,28.8234,131.486,1.68653
1327678638427885,28.8101,131.502,1.68693
1327678638478897,28.8062,131.521,1.68451
1327678638553892,28.8033,131.551,1.68554
1327678638603894,28.8008,131.565,1.68814
1327678638653887,28.7977,131.585,1.68793
1327678638703885,28.7982,131.609,1.68772
1327678638753879,28.7949,131.63,1.68533
1327678638803881,28.7867,131.649,1.68512
1327678638854891,28.7877,131.671,1.68993
1327678638904890,28.7806,131.683,1.68973
1327678638954886,28.7783,131.708,1.68954
1327678639004884,28.7753,131.721,1.69373
1327678639054884,28.7697,131.737,1.69355
1327678639104880,28.7725,131.762,1.69337
1327678639155890,28.7679,131.782,1.6935
1327678639205889,28.7664,131.793,1.69614
1327678639255887,28.7665,131.818,1.69597
1327678639305887,28.7686,131.835,1.69581
1327678639355884,28.759,131.858,1.69533
1327678639405880,28.761,131.875,1.69517
1327678639455879,28.7479,131.893,1.69564
1327678639505874,28.7505,131.915,1.69549
1327678639556891,28.7524,131.93,1.6955
1327678639606875,28.7475,131.952,1.69567
1327678639656883,28.7479,131.962,1.69802
1327678639706883,28.7407,131.982,1.69789
1327678639756876,28.7368,132.002,1.69775
1327678639806874,28.7338,132.024,1.69825
1327678639856872,28.7319,132.041,1.69687
1327678639907886,28.7294,132.06,1.69675
1327678639957884,28.7313,132.073,1.69787
1327678640007882,28.7215,132.092,1.69557
1327678640057879,28.719,132.121,1.69546
1327678640107878,28.717,132.133,1.69535
1327678640157874,28.7139,132.15,1.69586
1327678640207874,28.7194,132.167,1.70076
1327678640258884,28.712,132.189,1.69816
1327678640308882,28.7142,132.203,1.69791
1327678640358880,28.7046,132.225,1.69813
1327678640408880,28.7034,132.247,1.69788
1327678640458876,28.7007,132.263,1.6967
1327678640508873,28.6939,132.278,1.69568
1327678640558871,28.7003,132.296,1.69623
1327678640609882,28.6929,132.315,1.69396
1327678640659883,28.694,132.34,1.69327
1327678640709881,28.6909,132.354,1.6882
1327678640759876,28.6926,132.372,1.68313
1327678640809877,28.688,132.386,1.6737
1327678640859873,28.6991,132.405,1.66207
1327678640909871,28.6937,132.418,1.64952
1327678640960882,28.6946,132.437,1.64071
1327678641010883,28.6892,132.45,1.63551
1327678641060880,28.6955,132.473,1.63358
1327678641110878,28.6904,132.488,1.63291
1327678641160872,28.6879,132.506,1.63287
1327678641210872,28.6937,132.526,1.63284
1327678641260865,28.6958,132.537,1.6328
1327678641311882,28.6894,132.564,1.63011
1327678641361879,28.6888,132.582,1.62759
1327678641411876,28.6876,132.602,1.62256
1327678641461875,28.6915,132.616,1.61254
1327678641511873,28.6928,132.637,1.59878
1327678641561871,28.6964,132.653,1.58126
1327678641611867,28.7037,132.676,1.55875
1327678641662877,28.711,132.691,1.53374
1327678641712880,28.715,132.707,1.51249
1327678641762875,28.7239,132.722,1.49499
1327678641812876,28.7256,132.738,1.47999
1327678641862872,28.7302,132.755,1.47061
1327678641912868,28.7352,132.77,1.46812
1327678641962861,28.7413,132.786,1.46532
1327678642013880,28.7408,132.797,1.46533
1327678642063876,28.7441,132.805,1.46409
1327678642113874,28.7483,132.821,1.4641
1327678642163871,28.7514,132.844,1.46412
1327678642213871,28.746,132.863,1.46039
1327678642263867,28.7479,132.877,1.46292
1327678642313866,28.7496,132.889,1.46357
1327678642363859,28.7576,132.904,1.46844
1327678642414878,28.752,132.925,1.46598
1327678642464872,28.7549,132.942,1.46539
1327678642514872,28.7577,132.954,1.46511
1327678642564867,28.7564,132.972,1.46516
1327678642614866,28.7591,132.99,1.46645
1327678642664863,28.7614,133.004,1.4665
1327678642714864,28.764,133.022,1.46655
1327678642765873,28.7694,133.036,1.4666
1327678642815870,28.7677,133.045,1.46666
1327678642865868,28.7671,133.067,1.46859
1327678642915865,28.7752,133.077,1.46865
1327678642965866,28.7688,133.098,1.46606
1327678643015861,28.7738,133.113,1.46862
1327678643065859,28.7772,133.128,1.46932
1327678643116871,28.7779,133.146,1.46814
1327678643166871,28.7785,133.157,1.47072
1327678643216867,28.7801,133.178,1.47111
1327678643266865,28.7822,133.191,1.46994
1327678643316866,28.7786,133.215,1.47002
1327678643366856,28.7857,133.234,1.47011
1327678643416856,28.7862,133.246,1.46895
1327678643467868,28.7934,133.261,1.46905
1327678643517867,28.7918,133.281,1.46914
1327678643567864,28.7896,133.305,1.46674
1327678643617863,28.804,133.318,1.47185
1327678643667861,28.797,133.346,1.46946
1327678643717856,28.7972,133.373,1.46941
1327678643767853,28.8006,133.391,1.46984
1327678643818871,28.8095,133.409,1.46996
1327678643868867,28.8063,133.431,1.47009
1327678643918865,28.8095,133.446,1.47021
1327678643968860,28.8078,133.468,1.47034
1327678644018859,28.8081,133.486,1.47048
1327678644068856,28.812,133.513,1.46812
1327678644118854,28.8122,133.529,1.46888
1327678644169867,28.8075,133.55,1.46903
1327678644219868,28.8168,133.564,1.47042
1327678644269867,28.813,133.586,1.47058
1327678644319862,28.8163,133.607,1.46948
1327678644369859,28.8225,133.627,1.46964
1327678644419853,28.8209,133.645,1.46901
1327678644469855,28.8287,133.668,1.46909
1327678644520863,28.8279,133.687,1.46921
1327678644570864,28.827,133.708,1.46932
1327678644620860,28.8315,133.723,1.47193
1327678644670861,28.8298,133.748,1.4697
1327678644720859,28.8308,133.767,1.47012
1327678644770855,28.8375,133.779,1.47007
1327678644820849,28.8385,133.796,1.47064
1327678644871864,28.8385,133.824,1.46825
1327678644921862,28.8401,133.842,1.46835
1327678644971860,28.8406,133.861,1.4672
1327678645021857,28.848,133.879,1.46746
1327678645071856,28.8455,133.898,1.4674
1327678645121852,28.8528,133.919,1.4675
1327678645171849,28.8523,133.939,1.4651
1327678645222863,28.8571,133.953,1.46489
1327678645272861,28.856,133.97,1.46311
1327678645322859,28.854,133.986,1.4607
1327678645372856,28.8603,134.01,1.46079
1327678645422861,28.865,134.029,1.46088
1327678645472852,28.8622,134.048,1.45879
1327678645522847,28.8654,134.063,1.45888
1327678645573862,28.8688,134.079,1.45881
1327678645623862,28.8655,134.098,1.45858
1327678645673858,28.8733,134.127,1.45867
1327678645723855,28.8712,134.142,1.45875
1327678645773853,28.8745,134.159,1.45837
1327678645823851,28.8782,134.186,1.45845
1327678645873849,28.8839,134.203,1.45916
1327678645923846,28.8822,134.223,1.45799
1327678645974858,28.8835,134.243,1.46057
1327678646024856,28.8866,134.264,1.45814
1327678646074856,28.8899,134.284,1.45822
1327678646124851,28.8915,134.306,1.46267
1327678646174850,28.8937,134.325,1.46149
1327678646224844,28.8974,134.346,1.46344
1327678646274841,28.8962,134.368,1.46288
1327678646325857,28.8956,134.393,1.4642
1327678646375855,28.8982,134.41,1.46677
1327678646425851,28.8988,134.43,1.46699
1327678646475849,28.9021,134.451,1.46956
1327678646525847,28.8991,134.47,1.47103
1327678646575848,28.9016,134.489,1.47359
1327678646625839,28.906,134.508,1.47459
1327678646676854,28.9075,134.529,1.4759
1327678646726857,28.9125,134.556,1.47845
1327678646776853,28.9123,134.575,1.47617
1327678646826851,28.9144,134.595,1.4706
1327678646876847,28.9173,134.614,1.46065
1327678646926842,28.924,134.633,1.44821
1327678646976840,28.9326,134.654,1.43076
1327678647027851,28.9413,134.679,1.40581
1327678647077851,28.9484,134.694,1.38149
1327678647127849,28.9624,134.713,1.35904
1327678647177845,28.9753,134.731,1.33908
1327678647227847,28.9759,134.742,1.32413
1327678647277843,28.9863,134.765,1.30684
1327678647327837,28.9936,134.784,1.29313
1327678647378850,29.0064,134.807,1.27818
1327678647428849,29.0104,134.823,1.26572
1327678647478847,29.0202,134.845,1.25077
1327678647528844,29.026,134.863,1.23956
1327678647578841,29.0369,134.878,1.2271
1327678647628840,29.0476,134.9,1.21339
1327678647678837,29.0628,134.919,1.19937
1327678647729851,29.0691,134.934,1.18503
1327678647779851,29.0801,134.954,1.17304
1327678647829847,29.0917,134.969,1.15933
1327678647879842,29.1054,134.98,1.14687
1327678647929841,29.1163,135,1.1319
1327678647979835,29.1266,135.017,1.1185
1327678648029832,29.1361,135.033,1.10479
1327678648080849,29.1509,135.049,1.08717
1327678648130846,29.164,135.059,1.0697
1327678648180844,29.179,135.072,1.04943
1327678648230842,29.1861,135.08,1.02852
1327678648280838,29.2032,135.097,1.00856
1327678648330836,29.2061,135.113,0.983592
1327678648380830,29.2206,135.127,0.963312
1327678648431846,29.2339,135.139,0.939127
1327678648481845,29.2421,135.146,0.919472
1327678648531843,29.2542,135.16,0.89388
1327678648581841,29.2716,135.169,0.873287
1327678648631840,29.2853,135.186,0.850819
1327678648681837,29.2941,135.202,0.825851
1327678648731831,29.3103,135.208,0.805882
1327678648782843,29.3277,135.221,0.783258
1327678648832843,29.3377,135.226,0.76204
1327678648882841,29.3562,135.237,0.74004
1327678648932841,29.3671,135.247,0.722728
1327678648982837,29.3804,135.254,0.70526
1327678649032837,29.398,135.266,0.692948
1327678649082829,29.4019,135.273,0.682979
1327678649133842,29.4209,135.289,0.67426
1327678649183841,29.4337,135.295,0.674292
1327678649233841,29.4581,135.316,0.670885
1327678649283839,29.4707,135.325,0.669666
1327678649333835,29.49,135.339,0.669697
1327678649383832,29.505,135.349,0.669103
1327678649433830,29.5202,135.365,0.669133
1327678649483825,29.5394,135.374,0.669164
1327678649534841,29.5551,135.39,0.669194
1327678649584840,29.5715,135.406,0.671724
1327678649634836,29.5858,135.421,0.671754
1327678649684835,29.6124,135.435,0.671784
1327678649734832,29.6246,135.452,0.671813
1327678649784827,29.6437,135.463,0.67403
1327678649834830,29.6554,135.476,0.675934
1327678649885838,29.6738,135.498,0.679087
1327678649935838,29.6937,135.517,0.679115
1327678649985838,29.7199,135.529,0.679143
1327678650035835,29.7315,135.548,0.679014
1327678650085832,29.753,135.56,0.680448
1327678650135827,29.7648,135.577,0.682038
1327678650185823,29.7875,135.588,0.682065
1327678650236837,29.8016,135.611,0.682091
1327678650286837,29.8192,135.617,0.682587
1327678650336834,29.8394,135.638,0.682613
1327678650386831,29.8537,135.657,0.681232
1327678650436829,29.8811,135.678,0.677507
1327678650486825,29.9005,135.693,0.676907
1327678650536823,29.918,135.699,0.675214
1327678650587834,29.9367,135.721,0.671489
1327678650637834,29.9503,135.736,0.66167
1327678650687832,29.9707,135.754,0.651069
1327678650737831,29.9924,135.765,0.634843
1327678650787827,30.0113,135.777,0.617993
1327678650837825,30.0318,135.791,0.600517
1327678650887819,30.051,135.799,0.588042
1327678650938835,30.0737,135.82,0.577441
1327678650988834,30.0933,135.829,0.571059
1327678651038834,30.1168,135.842,0.568897
1327678651088829,30.1288,135.862,0.568608
1327678651138828,30.1445,135.872,0.568632
1327678651188820,30.1641,135.888,0.568499
1327678651238820,30.185,135.908,0.568523
1327678651289834,30.1966,135.922,0.571046
1327678651339833,30.219,135.94,0.570443
1327678651389830,30.2352,135.955,0.572966
1327678651439829,30.2489,135.984,0.573612
1327678651489825,30.2701,135.992,0.576133
1327678651539823,30.2884,136.012,0.577404
1327678651589822,30.3062,136.026,0.577268
1327678651640831,30.3143,136.046,0.5776
1327678651690829,30.3343,136.077,0.577619
1327678651740828,30.3519,136.091,0.577637
1327678651790825,30.3662,136.11,0.577655
1327678651840823,30.3812,136.13,0.578922
1327678651890821,30.4041,136.147,0.578939
1327678651940813,30.4212,136.157,0.578956
1327678651991829,30.4387,136.178,0.578347
1327678652041829,30.4538,136.196,0.578363
1327678652091826,30.4704,136.206,0.577129
1327678652141824,30.492,136.226,0.577144
1327678652191820,30.5148,136.243,0.577159
1327678652241819,30.5279,136.26,0.577018
1327678652291816,30.548,136.272,0.577033
1327678652341815,30.5705,136.285,0.576891
1327678652392825,30.5892,136.304,0.576906
1327678652442824,30.6089,136.319,0.57692
1327678652492823,30.6223,136.333,0.576934
1327678652542820,30.6451,136.355,0.579448
1327678652592819,30.666,136.372,0.579149
1327678652642819,30.6792,136.379,0.579162
1327678652692811,30.6899,136.401,0.574174
1327678652743827,30.7184,136.411,0.568875
1327678652793824,30.7388,136.43,0.556387
1327678652843820,30.7522,136.444,0.541556
1327678652893819,30.7784,136.454,0.529069
1327678652943815,30.7976,136.468,0.522206
1327678652993816,30.8195,136.481,0.517219
1327678653043810,30.8378,136.496,0.514732
1327678653094825,30.8488,136.507,0.512869
1327678653144819,30.8741,136.524,0.512881
1327678653194818,30.8927,136.536,0.514143
1327678653244814,30.9139,136.552,0.516656
1327678653294812,30.9341,136.566,0.516668
1327678653344810,30.9545,136.584,0.51668
1327678653394807,30.9671,136.598,0.516691
1327678653445822,30.9868,136.616,0.517327
1327678653495822,31.0123,136.632,0.517182
1327678653545819,31.0239,136.645,0.517036
1327678653595817,31.0424,136.661,0.517047
1327678653645810,31.0699,136.677,0.517058
1327678653695809,31.087,136.693,0.517068
1327678653745808,31.1031,136.708,0.515515
1327678653796821,31.123,136.726,0.515525
1327678653846821,31.1406,136.738,0.515378
1327678653896819,31.1631,136.746,0.515389
1327678653946815,31.1803,136.771,0.515398
1327678653996812,31.2042,136.78,0.514158
1327678654046811,31.223,136.796,0.514167
1327678654096807,31.246,136.808,0.514177
1327678654147817,31.2684,136.827,0.511686
1327678654197817,31.2814,136.846,0.511382
1327678654247818,31.2966,136.859,0.511391
1327678654297817,31.319,136.875,0.511086
1327678654347815,31.34,136.89,0.511095
1327678654397810,31.3568,136.91,0.509227
1327678654447808,31.3725,136.925,0.509235
1327678654498820,31.3999,136.937,0.511117
1327678654548816,31.4131,136.95,0.510969
1327678654598816,31.4364,136.968,0.512226
1327678654648812,31.461,136.989,0.512233
1327678654698812,31.4771,137,0.51224
1327678654748807,31.4987,137.015,0.512247
1327678654798809,31.5133,137.036,0.513503
1327678654848803,31.5352,137.049,0.514134
1327678654899816,31.5458,137.062,0.514765
1327678654949811,31.5605,137.074,0.514927
1327678654999812,31.5841,137.089,0.516339
1327678655049809,31.6166,137.107,0.516188
1327678655099806,31.6345,137.117,0.516194
1327678655149803,31.6469,137.132,0.5112
1327678655199804,31.675,137.145,0.503706
1327678655250813,31.6982,137.156,0.493087
1327678655300811,31.717,137.164,0.484031
1327678655350808,31.7417,137.188,0.477787
1327678655400807,31.7621,137.197,0.47545
1327678655450804,31.7812,137.204,0.474831
1327678655500802,31.8054,137.225,0.474838
1327678655550799,31.8229,137.239,0.474531
1327678655601811,31.8414,137.25,0.474538
1327678655651811,31.8668,137.264,0.474544
1327678655701813,31.8827,137.274,0.474551
1327678655751810,31.9045,137.289,0.474557
1327678655801806,31.9139,137.307,0.475031
1327678655851799,31.9443,137.324,0.475037
1327678655901798,31.9617,137.333,0.475043
1327678655952813,31.9837,137.343,0.475049
1327678656002813,32.0085,137.359,0.475056
1327678656052811,32.0281,137.371,0.475062
1327678656102805,32.0493,137.381,0.475069
1327678656152801,32.0649,137.399,0.47445
1327678656202799,32.0868,137.406,0.474613
1327678656252798,32.1067,137.417,0.47462
1327678656303816,32.1262,137.429,0.474939
1327678656353811,32.1436,137.436,0.474321
1327678656403808,32.1644,137.447,0.474328
1327678656453807,32.1814,137.461,0.474492
1327678656503804,32.2055,137.467,0.4745
1327678656553801,32.2235,137.483,0.47482
1327678656603797,32.246,137.487,0.474203
1327678656654811,32.2704,137.506,0.474524
1327678656704808,32.2897,137.513,0.474532
1327678656754808,32.3142,137.521,0.475791
1327678656804809,32.3384,137.538,0.4758
1327678656854803,32.3582,137.543,0.475809
1327678656904802,32.3722,137.555,0.475506
1327678656954800,32.4062,137.56,0.475517
1327678657005813,32.4252,137.57,0.475527
1327678657055808,32.4475,137.584,0.475382
1327678657105806,32.4616,137.599,0.475392
1327678657155804,32.4816,137.603,0.475403
1327678657205802,32.5083,137.619,0.476039
1327678657255800,32.5325,137.629,0.476207
1327678657305797,32.5498,137.645,0.476218
1327678657355791,32.5599,137.654,0.476229
1327678657406809,32.5898,137.667,0.47624
1327678657456804,32.6139,137.675,0.478596
1327678657506802,32.6297,137.69,0.478608
1327678657556800,32.6501,137.707,0.479244
1327678657606798,32.6729,137.708,0.479725
1327678657656794,32.6872,137.717,0.479737
1327678657706793,32.7159,137.734,0.47975
1327678657757805,32.7323,137.744,0.481013
1327678657807805,32.7507,137.751,0.481494
1327678657857800,32.7779,137.76,0.482133
1327678657907798,32.8066,137.769,0.482147
1327678657957796,32.8174,137.782,0.481848
1327678658007794,32.8421,137.8,0.482487
1327678658057791,32.8619,137.814,0.482657
1327678658108804,32.8789,137.819,0.482671
1327678658158804,32.9046,137.834,0.482685
1327678658208805,32.9226,137.842,0.482387
1327678658258794,32.9461,137.853,0.482089
1327678658308792,32.9713,137.865,0.482104
1327678658358794,33.0015,137.878,0.48337
1327678658408790,33.0174,137.887,0.483385
1327678658459801,33.0402,137.899,0.485276
1327678658509800,33.0669,137.905,0.485293
1327678658559798,33.0903,137.916,0.484685
1327678658609796,33.1058,137.92,0.484702
1327678658659792,33.1328,137.937,0.484719
1327678658709791,33.1541,137.952,0.485362
1327678658759788,33.1799,137.969,0.485379
1327678658810801,33.1908,137.974,0.485396
1327678658860799,33.2094,137.98,0.485414
1327678658910800,33.2368,137.993,0.482464
1327678658960795,33.2604,138.008,0.477482
1327678659010793,33.2792,138.013,0.467501
1327678659060789,33.3066,138.032,0.45377
1327678659110786,33.3313,138.034,0.439258
1327678659161798,33.3582,138.045,0.425216
1327678659211799,33.3805,138.047,0.41758
1327678659261796,33.4004,138.056,0.411352
1327678659311795,33.4268,138.071,0.409342
1327678659361793,33.4468,138.079,0.409364
1327678659411791,33.4723,138.083,0.408605
1327678659461784,33.4943,138.1,0.407065
1327678659512802,33.5121,138.102,0.407245
1327678659562801,33.5435,138.123,0.407268
1327678659612794,33.5614,138.125,0.407291
1327678659662793,33.5797,138.132,0.407316
1327678659712790,33.6058,138.146,0.40734
1327678659762789,33.6229,138.15,0.408615
1327678659812785,33.6481,138.161,0.40864
1327678659862782,33.6713,138.173,0.40804
1327678659913794,33.7007,138.185,0.408848
1327678659963791,33.7308,138.195,0.408874
1327678660013791,33.7456,138.2,0.409057
1327678660063790,33.7733,138.216,0.409085
1327678660113785,33.786,138.219,0.409112
1327678660163783,33.8099,138.234,0.40914
1327678660213780,33.8304,138.24,0.410418
1327678660264792,33.8469,138.248,0.410446
1327678660314795,33.8768,138.256,0.410475
1327678660364789,33.9092,138.274,0.411129
1327678660414787,33.9224,138.281,0.411158
1327678660464784,33.946,138.287,0.410876
1327678660514780,33.9752,138.298,0.410594
1327678660564777,33.9825,138.304,0.410624
1327678660615792,34.0013,138.313,0.410499
1327678660665793,34.0323,138.329,0.410686
1327678660715790,34.0531,138.333,0.41103
1327678660765788,34.0805,138.349,0.411062
1327678660815784,34.1051,138.352,0.41172
1327678660865780,34.1245,138.358,0.411753
1327678660915778,34.1543,138.378,0.411942
1327678660966791,34.1791,138.38,0.411977
1327678661016789,34.1982,138.394,0.412011
1327678661066788,34.2083,138.401,0.412045
1327678661116784,34.2457,138.419,0.412704
1327678661166782,34.2658,138.424,0.412739
1327678661216779,34.2956,138.442,0.412774
1327678661266779,34.3058,138.448,0.413434
1327678661317789,34.3355,138.457,0.413627
1327678661367787,34.3572,138.466,0.414132
1327678661417786,34.3891,138.48,0.415106
1327678661467783,34.4141,138.488,0.414987
1327678661517782,34.433,138.498,0.415649
1327678661567780,34.4571,138.507,0.416156
1327678661617776,34.4814,138.523,0.41635
1327678661668791,34.5049,138.532,0.416389
1327678661718786,34.5298,138.541,0.417678
1327678661768782,34.5507,138.549,0.417717
1327678661818783,34.5716,138.558,0.417913
1327678661868780,34.5943,138.566,0.41764
1327678661918776,34.6304,138.58,0.417681
1327678661968772,34.6437,138.588,0.417878
1327678662018774,34.6657,138.596,0.417919
1327678662069784,34.6901,138.606,0.419211
1327678662119783,34.7083,138.613,0.418941
1327678662169781,34.7355,138.624,0.418983
1327678662219778,34.7564,138.634,0.419026
1327678662269776,34.7762,138.644,0.419069
1327678662319775,34.805,138.653,0.419112
1327678662369773,34.823,138.664,0.419156
1327678662420782,34.8416,138.677,0.4192
1327678662470782,34.8607,138.683,0.419713
1327678662520780,34.8982,138.697,0.421007
1327678662570778,34.9164,138.706,0.421052
1327678662620776,34.9403,138.718,0.421723
1327678662670774,34.9579,138.722,0.421768
1327678662720770,34.9913,138.739,0.421815
1327678662771783,34.9996,138.742,0.422017
1327678662821781,35.0287,138.758,0.422064
1327678662871779,35.0521,138.763,0.422111
1327678662921777,35.0721,138.773,0.422158
1327678662971776,35.1027,138.791,0.422206
1327678663021770,35.1156,138.793,0.424129
1327678663071767,35.1485,138.807,0.424178
1327678663122785,35.1655,138.815,0.425476
1327678663172779,35.1879,138.831,0.426775
1327678663222778,35.2158,138.843,0.428074
1327678663272780,35.2346,138.848,0.42953
1327678663322771,35.2615,138.862,0.42958
1327678663372773,35.2682,138.87,0.430254
1327678663422768,35.2801,138.878,0.431554
1327678663473780,35.3109,138.888,0.433167
1327678663523777,35.3323,138.902,0.433374
1327678663573775,35.3541,138.914,0.434674
1327678663623774,35.3703,138.923,0.434725
1327678663673772,35.4078,138.935,0.437276
1327678663723770,35.4265,138.947,0.43764
1327678663773766,35.4458,138.952,0.439098
1327678663823765,35.4756,138.964,0.438995
1327678663874338,35.4953,138.978,0.438891
1327678663924775,35.5119,138.985,0.438944
1327678663974773,35.5384,138.996,0.438372
1327678664024769,35.5639,139.005,0.438426
1327678664074767,35.584,139.016,0.436917
1327678664124767,35.6045,139.025,0.436659
1327678664174761,35.6338,139.04,0.436713
1327678664225776,35.6545,139.05,0.436143
1327678664275774,35.677,139.06,0.436198
1327678664325772,35.7033,139.073,0.436254
1327678664375771,35.7239,139.08,0.436309
1327678664425766,35.745,139.094,0.436053
1327678664475764,35.7597,139.103,0.436109
1327678664525762,35.7871,139.113,0.435852
1327678664576774,35.8051,139.125,0.435909
1327678664626775,35.8274,139.132,0.435966
1327678664676770,35.8535,139.152,0.436491
1327678664726770,35.8776,139.16,0.437799
1327678664776766,35.9011,139.174,0.438168
1327678664826764,35.9199,139.181,0.439164
1327678664876759,35.9509,139.191,0.442191
1327678664927773,35.9724,139.207,0.442406
1327678664977773,35.9858,139.214,0.444339
1327678665027770,36.0108,139.226,0.445023
1327678665077767,36.0351,139.24,0.445707
1327678665127765,36.0612,139.247,0.448266
1327678665177763,36.0824,139.258,0.448482
1327678665227761,36.0985,139.27,0.448542
1327678665277754,36.1261,139.279,0.451102
1327678665328770,36.146,139.292,0.451163
1327678665378768,36.1541,139.298,0.451223
1327678665428766,36.1796,139.309,0.45144
1327678665478765,36.2135,139.325,0.452751
1327678665528761,36.2326,139.336,0.453125
1327678665578758,36.2476,139.35,0.453186
1327678665628757,36.2787,139.362,0.453872
1327678665679768,36.2973,139.373,0.454559
1327678665729769,36.3211,139.383,0.454621
1327678665779763,36.3387,139.396,0.453433
1327678665829761,36.3594,139.407,0.453652
1327678665879759,36.3859,139.419,0.454027
1327678665929757,36.4036,139.426,0.454089
1327678665979754,36.4251,139.436,0.454152
1327678666030766,36.4524,139.451,0.45406
1327678666080765,36.4683,139.458,0.453967
1327678666130763,36.4898,139.469,0.453406
1327678666180761,36.5128,139.483,0.453469
1327678666230757,36.5382,139.493,0.453846
1327678666280750,36.5503,139.499,0.454067
1327678666330753,36.5793,139.514,0.454288
1327678666381766,36.5984,139.525,0.453415
1327678666431764,36.622,139.536,0.45348
1327678666481762,36.6456,139.548,0.453546
1327678666531760,36.6676,139.558,0.453299
1327678666581758,36.6898,139.569,0.453365
1327678666631753,36.7052,139.58,0.453431
1327678666681749,36.7319,139.591,0.453497
1327678666732765,36.7592,139.601,0.453564
1327678666782763,36.781,139.614,0.452381
1327678666832760,36.7956,139.622,0.452448
1327678666882758,36.8191,139.633,0.451891
1327678666932757,36.8412,139.641,0.451959
1327678666982753,36.8719,139.655,0.452652
1327678667032752,36.8905,139.665,0.452095
1327678667083762,36.9077,139.676,0.451539
1327678667133760,36.9252,139.683,0.451608
1327678667183759,36.9472,139.695,0.45152
1327678667233756,36.9719,139.707,0.451902
1327678667283755,36.9927,139.716,0.451972
1327678667333753,37.0117,139.728,0.451416
1327678667383750,37.0331,139.738,0.451486
1327678667433748,37.0541,139.748,0.451244
1327678667484763,37.0751,139.756,0.451315
1327678667534760,37.0967,139.77,0.451541
1327678667584757,37.1219,139.784,0.451925
1327678667634753,37.1397,139.792,0.452152
1327678667684753,37.1647,139.804,0.452223
1327678667734746,37.1921,139.82,0.452295
1327678667784743,37.2114,139.829,0.452679
1327678667835759,37.2319,139.836,0.452751
1327678667885759,37.2556,139.849,0.454074
1327678667935756,37.2808,139.863,0.454146
1327678667985753,37.3016,139.875,0.454219
1327678668035751,37.3215,139.88,0.455542
1327678668085746,37.3454,139.895,0.455615
1327678668135745,37.3637,139.906,0.455845
1327678668186758,37.383,139.913,0.456544
1327678668236756,37.4074,139.927,0.456618
1327678668286754,37.4403,139.939,0.45763
1327678668336751,37.4582,139.951,0.457704
1327678668386749,37.4873,139.968,0.457779
1327678668436747,37.5025,139.973,0.459104
1327678668486744,37.5247,139.985,0.45918
1327678668537756,37.5498,139.994,0.459255
1327678668587754,37.5711,140.003,0.459331
1327678668637752,37.5873,140.016,0.458157
1327678668687750,37.6147,140.026,0.458234
1327678668737748,37.6408,140.039,0.458311
1327678668787747,37.6551,140.048,0.458388
1327678668837745,37.6782,140.054,0.458465
1327678668887742,37.6997,140.066,0.457293
1327678668938754,37.728,140.08,0.457058
1327678668988757,37.7439,140.091,0.457136
1327678669038750,37.7737,140.102,0.456902
1327678669088747,37.7939,140.114,0.455731
1327678669138744,37.8134,140.124,0.455966
1327678669188742,37.8369,140.133,0.456045
1327678669238742,37.8579,140.14,0.456125
1327678669289752,37.8779,140.156,0.456204
1327678669339756,37.9034,140.168,0.455034
1327678669389748,37.927,140.179,0.455114
1327678669439745,37.9452,140.191,0.455507
1327678669489743,37.9674,140.201,0.458712
1327678669539742,37.9921,140.21,0.461293
1327678669589740,38.0106,140.225,0.463874
1327678669640751,38.0332,140.233,0.466456
1327678669690749,38.0533,140.247,0.469349
1327678669740747,38.0726,140.257,0.474431
1327678669790745,38.0938,140.27,0.477012
1327678669840743,38.116,140.286,0.479594
1327678669890742,38.1388,140.292,0.484676
1327678669940739,38.1609,140.309,0.489758
1327678669990739,38.1768,140.319,0.49484
1327678670041750,38.2003,140.333,0.503672
1327678670091748,38.2211,140.348,0.514066
1327678670141743,38.2385,140.361,0.526648
1327678670191742,38.2597,140.377,0.53798
1327678670241739,38.2778,140.395,0.550561
1327678670291737,38.2983,140.409,0.565642
1327678670341731,38.3179,140.422,0.577911
1327678670392746,38.3348,140.444,0.589085
1327678670442747,38.3568,140.454,0.604166
1327678670492743,38.3713,140.469,0.616745
1327678670542740,38.3899,140.485,0.629323
1327678670592739,38.4095,140.505,0.64276
1327678670642736,38.428,140.521,0.656533
1327678670692732,38.4391,140.537,0.669077
1327678670743745,38.4631,140.554,0.68381
1327678670793744,38.4854,140.571,0.698543
1327678670843741,38.4997,140.586,0.712807
1327678670893739,38.5121,140.605,0.725353
1327678670943738,38.5329,140.627,0.7404
1327678670993735,38.5509,140.643,0.75529
1327678671043734,38.5633,140.665,0.769712
1327678671093730,38.5777,140.683,0.783509
1327678671144744,38.5973,140.707,0.798244
1327678671194740,38.6074,140.726,0.813292
1327678671244738,38.6141,140.745,0.828495
1327678671294736,38.639,140.767,0.843543
1327678671344733,38.6508,140.784,0.857654
1327678671394731,38.6655,140.802,0.872858
1327678671444726,38.6757,140.824,0.887906
1327678671495740,38.6877,140.846,0.90233
1327678671545741,38.6997,140.863,0.917378
1327678671595738,38.7083,140.892,0.930083
1327678671645737,38.722,140.912,0.945132
1327678671695733,38.7355,140.931,0.95893
1327678671745729,38.7495,140.953,0.973667
1327678671795727,38.7571,140.976,0.986216
1327678671846736,38.7671,141.002,0.999389
1327678671896738,38.7791,141.022,1.01444
1327678671946737,38.7889,141.044,1.02949
1327678671996733,38.8019,141.067,1.04454
1327678672046732,38.8091,141.091,1.05708
1327678672096730,38.8155,141.118,1.07088
1327678672146728,38.8229,141.141,1.08531
1327678672197742,38.8329,141.162,1.09911
1327678672247738,38.84,141.181,1.11353
1327678672297734,38.8513,141.203,1.12733
1327678672347733,38.854,141.235,1.13988
1327678672397732,38.8588,141.252,1.1543
1327678672447728,38.8671,141.278,1.1681
1327678672497726,38.8735,141.296,1.18314
1327678672547723,38.8847,141.319,1.19632
1327678672598736,38.8858,141.35,1.20886
1327678672648735,38.8929,141.369,1.22407
1327678672698731,38.9002,141.392,1.23912
1327678672748729,38.9052,141.42,1.25276
1327678672798727,38.9079,141.443,1.26718
1327678672848725,38.9141,141.463,1.28222
1327678672898720,38.9114,141.489,1.29508
1327678672949733,38.9174,141.522,1.3095
1327678672999733,38.9184,141.538,1.32455
1327678673049730,38.9277,141.56,1.33959
1327678673099727,38.9267,141.59,1.35277
1327678673149724,38.9287,141.615,1.3675
1327678673199723,38.9263,141.638,1.38254
1327678673249720,38.9315,141.665,1.39759
1327678673300732,38.933,141.687,1.41263
1327678673350731,38.9308,141.713,1.4258
1327678673400731,38.9249,141.745,1.44084
1327678673450727,38.9295,141.77,1.45588
1327678673500724,38.9271,141.786,1.47342
1327678673550719,38.9266,141.816,1.48847
1327678673600713,38.9281,141.837,1.50382
1327678673651729,38.9288,141.862,1.5187
1327678673701730,38.9171,141.889,1.53374
1327678673751724,38.9148,141.917,1.54941
1327678673801726,38.9112,141.938,1.5657
1327678673851724,38.9096,141.964,1.58011
1327678673901722,38.9009,141.984,1.59515
1327678673951720,38.8994,142.014,1.61019
1327678674002734,38.8984,142.035,1.626
1327678674052729,38.8912,142.053,1.64229
1327678674102727,38.8896,142.081,1.65733
1327678674152725,38.8804,142.107,1.67174
1327678674202721,38.8717,142.128,1.68677
1327678674252720,38.8689,142.153,1.7018
1327678674302717,38.8627,142.174,1.71746
1327678674352716,38.8556,142.199,1.7325
1327678674403727,38.8477,142.223,1.7469
1327678674453724,38.8337,142.251,1.75881
1327678674503721,38.8296,142.27,1.77587
1327678674553721,38.8174,142.289,1.79028
1327678674603719,38.8115,142.308,1.80718
1327678674653716,38.8034,142.329,1.82221
1327678674703710,38.7896,142.361,1.8313
1327678674754724,38.778,142.384,1.84383
1327678674804724,38.7744,142.401,1.85698
1327678674854720,38.7629,142.421,1.867
1327678674904719,38.7537,142.445,1.87578
1327678674954716,38.7472,142.464,1.8858
1327678675004714,38.7377,142.485,1.89583
1327678675054713,38.7186,142.514,1.90351
1327678675105724,38.7167,142.534,1.91353
1327678675155724,38.7063,142.559,1.9223
1327678675205722,38.6895,142.58,1.92982
1327678675255720,38.6828,142.599,1.94047
1327678675305718,38.6732,142.627,1.95049
1327678675355713,38.6627,142.644,1.95832
1327678675405710,38.6456,142.674,1.96459
1327678675456722,38.6415,142.689,1.9721
1327678675506721,38.6324,142.713,1.97462
1327678675556719,38.6161,142.74,1.97464
1327678675606716,38.6008,142.765,1.97465
1327678675656715,38.5887,142.786,1.97466
1327678675706712,38.5897,142.806,1.97905
1327678675756711,38.5794,142.83,1.97907
1327678675806705,38.5717,142.847,1.97877
1327678675857719,38.5614,142.875,1.97878
1327678675907720,38.551,142.888,1.97879
1327678675957717,38.5407,142.914,1.9788
1327678676007715,38.5306,142.938,1.97881
1327678676057712,38.5194,142.958,1.97882
1327678676107711,38.5123,142.989,1.97882
1327678676157707,38.4985,143.009,1.97852
1327678676208720,38.4929,143.028,1.97915
1327678676258718,38.4762,143.048,1.97916
1327678676308716,38.4679,143.072,1.97916
1327678676358714,38.4613,143.093,1.98167
1327678676408712,38.4448,143.116,1.98167
1327678676458708,38.4385,143.134,1.9823
1327678676508708,38.4284,143.162,1.9823
1327678676559720,38.4224,143.182,1.9823
1327678676609717,38.4072,143.205,1.98277
1327678676659714,38.3964,143.228,1.98465
1327678676709712,38.3864,143.251,1.98464
1327678676759710,38.3825,143.265,1.98871
1327678676809707,38.3682,143.289,1.99402
1327678676859705,38.3555,143.314,1.99917
1327678676910718,38.3413,143.332,2.00917
1327678676960715,38.3266,143.353,2.01916
1327678677010714,38.319,143.377,2.02978
1327678677060711,38.3063,143.4,2.03353
1327678677110710,38.2915,143.418,2.03602
1327678677160706,38.2852,143.438,2.03976
1327678677210705,38.274,143.461,2.03975
1327678677260701,38.2555,143.485,2.03599
1327678677311715,38.2486,143.508,2.03786
1327678677361711,38.2368,143.526,2.03785
1327678677411710,38.2296,143.547,2.03612
1327678677461709,38.2155,143.566,2.03611
1327678677511706,38.2094,143.588,2.03594
1327678677561703,38.1924,143.612,2.03593
1327678677611698,38.1788,143.634,2.0356
1327678677662713,38.1694,143.656,2.03761
1327678677712715,38.1596,143.673,2.03947
1327678677762709,38.1457,143.7,2.03696
1327678677812707,38.1357,143.717,2.04038
1327678677862703,38.1212,143.744,2.03786
1327678677912702,38.1153,143.763,2.03784
1327678677962699,38.0985,143.785,2.03782
1327678678013713,38.0936,143.805,2.03905
1327678678063711,38.0794,143.822,2.03903
1327678678113708,38.0682,143.846,2.03917
1327678678163706,38.0596,143.871,2.03914
1327678678213704,38.0434,143.89,2.03881
1327678678263702,38.0325,143.908,2.03878
1327678678313701,38.0183,143.929,2.04048
1327678678364709,38.0102,143.956,2.0417
1327678678414709,37.9956,143.98,2.04168
1327678678464705,37.99,143.996,2.04165
1327678678514705,37.9733,144.02,2.04162
1327678678564701,37.9645,144.039,2.04159
1327678678614700,37.9528,144.062,2.04156
1327678678664698,37.9376,144.085,2.04044
1327678678714692,37.93,144.104,2.0401
1327678678765706,37.9176,144.126,2.04007
1327678678815707,37.912,144.149,2.04003
1327678678865699,37.8937,144.167,2.03766
1327678678915701,37.8829,144.193,2.03762
1327678678965697,37.871,144.213,2.03884
1327678679015696,37.8618,144.236,2.0388
1327678679065693,37.845,144.253,2.03689
1327678679116708,37.8343,144.278,2.03654
1327678679166705,37.8236,144.297,2.03651
1327678679216704,37.8113,144.319,2.03647
1327678679266700,37.8039,144.341,2.03658
1327678679316699,37.7914,144.369,2.03654
1327678679366697,37.7776,144.386,2.03619
1327678679416695,37.7692,144.409,2.03615
1327678679467705,37.7561,144.427,2.03611
1327678679517707,37.7449,144.454,2.03606
1327678679567701,37.7335,144.473,2.03602
1327678679617699,37.7237,144.491,2.03598
1327678679667696,37.711,144.52,2.03593
1327678679717696,37.6918,144.537,2.03589
1327678679767692,37.6855,144.559,2.03584
1327678679817690,37.6734,144.58,2.03579
1327678679868701,37.6658,144.602,2.0359
1327678679918703,37.6557,144.623,2.03695
1327678679968699,37.6433,144.647,2.03627
1327678680018697,37.6309,144.668,2.03622
1327678680068695,37.6227,144.693,2.03679
1327678680118692,37.6123,144.713,2.03674
1327678680168685,37.5942,144.734,2.03669
1327678680219702,37.5856,144.759,2.03664
1327678680269698,37.573,144.779,2.03596
1327678680319698,37.5619,144.806,2.0359
1327678680369694,37.5493,144.823,2.03585
1327678680419694,37.5378,144.845,2.03579
1327678680469691,37.528,144.869,2.03698
1327678680519688,37.5185,144.889,2.03817
1327678680570700,37.5015,144.906,2.03937
1327678680620698,37.4907,144.929,2.03931
1327678680670695,37.4823,144.953,2.03768
1327678680720694,37.4681,144.977,2.03356
1327678680770692,37.4488,144.996,2.02881
1327678680820689,37.4479,145.021,2.0225
1327678680870686,37.4359,145.045,2.01212
1327678680920686,37.4237,145.068,1.99987
1327678680971699,37.4223,145.088,1.98856
1327678681021695,37.3974,145.107,1.97474
1327678681071692,37.4043,145.136,1.96342
1327678681121690,37.3877,145.161,1.95211
1327678681171687,37.3714,145.178,1.94204
1327678681221687,37.3593,145.202,1.93697
1327678681271680,37.3633,145.224,1.93596
1327678681322696,37.3441,145.242,1.93558
1327678681372696,37.3356,145.266,1.93426
1327678681422693,37.3209,145.288,1.93435
1327678681472688,37.3086,145.312,1.93427
1327678681522688,37.2987,145.334,1.93545
1327678681572685,37.2879,145.356,1.93413
1327678681622683,37.2823,145.377,1.93155
1327678681673698,37.2711,145.402,1.92648
1327678681723696,37.2663,145.425,1.91672
1327678681773691,37.2595,145.453,1.90414
1327678681823689,37.2525,145.478,1.89172
1327678681873685,37.2418,145.497,1.87914
1327678681923685,37.2419,145.524,1.86875
1327678681973681,37.2301,145.546,1.85992
1327678682024693,37.2325,145.572,1.85359
1327678682074694,37.2265,145.592,1.84726
1327678682124340,37.2,145.615,1.83812
1327678682174686,37.1974,145.637,1.83241
1327678682224686,37.2049,145.66,1.82733
1327678682274683,37.1856,145.687,1.8185
1327678682324678,37.1846,145.706,1.81217
1327678682374679,37.1867,145.731,1.80615
1327678682425690,37.1799,145.753,1.80044
1327678682475689,37.1601,145.776,1.79176
1327678682525686,37.1698,145.806,1.78605
1327678682575683,37.1537,145.827,1.77721
1327678682625681,37.1585,145.855,1.77213
1327678682675679,37.1441,145.881,1.7622
1327678682725678,37.1484,145.901,1.75711
1327678682776693,37.1278,145.928,1.74764
1327678682826689,37.1306,145.948,1.74131
1327678682876684,37.1269,145.973,1.7334
1327678682926685,37.1337,145.999,1.72691
1327678682976680,37.1253,146.021,1.71947
1327678683026680,37.1262,146.047,1.71188
1327678683076674,37.1126,146.067,1.70429
1327678683127691,37.1132,146.098,1.6967
1327678683177685,37.1053,146.115,1.68786
1327678683227684,37.1076,146.144,1.68136
1327678683277680,37.1049,146.17,1.67377
1327678683327680,37.1055,146.194,1.66711
1327678683377678,37.1019,146.214,1.65967
1327678683427676,37.0996,146.243,1.65208
1327678683477673,37.0934,146.264,1.64323
1327678683528688,37.1018,146.288,1.63814
1327678683578684,37.1004,146.313,1.62929
1327678683628686,37.0988,146.338,1.6217
1327678683678677,37.0975,146.366,1.61285
1327678683728677,37.0936,146.385,1.60541
1327678683778673,37.0942,146.413,1.59781
1327678683828672,37.0936,146.435,1.58896
1327678683879680,37.0923,146.464,1.58136
1327678683929677,37.0883,146.487,1.57126
1327678683979673,37.0898,146.514,1.56429
1327678684029679,37.0923,146.532,1.55638
1327678684079675,37.0947,146.56,1.54862
1327678684129675,37.096,146.582,1.54055
1327678684179668,37.0961,146.61,1.53108
1327678684230686,37.0984,146.636,1.52098
1327678684280679,37.1027,146.659,1.50838
1327678684330680,37.1005,146.687,1.49265
1327678684380675,37.1087,146.71,1.4727
1327678684430675,37.1149,146.734,1.45135
1327678684480671,37.1229,146.76,1.4289
1327678684530670,37.1286,146.783,1.40755
1327678684580666,37.1354,146.808,1.3862
1327678684631679,37.1505,146.824,1.36485
1327678684681677,37.1555,146.848,1.34709
1327678684731676,37.1606,146.868,1.33199
1327678684781672,37.165,146.887,1.32173
1327678684831673,37.1699,146.91,1.31787
1327678684881669,37.1808,146.931,1.31527
1327678684931664,37.1818,146.957,1.31392
1327678684982679,37.1852,146.984,1.31507
1327678685032678,37.1891,147.005,1.31496
1327678685082674,37.1986,147.031,1.31548
1327678685132674,37.2039,147.055,1.316
1327678685182671,37.2026,147.078,1.31621
1327678685232668,37.212,147.106,1.31486
1327678685282661,37.2116,147.131,1.31225
1327678685333681,37.215,147.157,1.30465
1327678685383675,37.2194,147.175,1.29235
1327678685433674,37.2356,147.207,1.27475
1327678685483670,37.2461,147.225,1.25464
1327678685533670,37.2541,147.248,1.23016
1327678685583666,37.2703,147.274,1.20631
1327678685633665,37.2846,147.294,1.1837
1327678685683661,37.2951,147.315,1.16391
1327678685734677,37.3132,147.334,1.1463
1327678685784671,37.3246,147.355,1.13245
1327678685834670,37.3316,147.37,1.12276
1327678685884666,37.342,147.398,1.11782
1327678685934666,37.3552,147.419,1.11544
1327678685984663,37.3596,147.438,1.1143
1327678686034658,37.369,147.46,1.11442
1327678686085672,37.376,147.486,1.115
1327678686135673,37.3898,147.508,1.11761
1327678686185670,37.3968,147.533,1.11772
1327678686235668,37.4038,147.552,1.11908
1327678686285663,37.4149,147.582,1.12044
1327678686335663,37.4263,147.604,1.12055
1327678686385656,37.4305,147.627,1.11691
1327678686436673,37.4425,147.652,1.11077
1327678686486673,37.4508,147.669,1.09962
1327678686536668,37.4713,147.695,1.08473
1327678686586668,37.4786,147.715,1.06358
1327678686636664,37.4969,147.728,1.04368
1327678686686662,37.5125,147.749,1.02285
1327678686736660,37.5283,147.773,1.00544
1327678686786656,37.5319,147.789,0.991793
1327678686837673,37.5444,147.808,0.982515
1327678686887666,37.5639,147.83,0.977611
1327678686937665,37.5698,147.849,0.975206
1327678686987662,37.589,147.876,0.974049
1327678687037661,37.598,147.893,0.974142
1327678687087657,37.6206,147.919,0.974232
1327678687137653,37.6205,147.936,0.973072
1327678687188667,37.6343,147.953,0.973161
1327678687238669,37.6411,147.977,0.973249
1327678687288666,37.6498,147.997,0.972087
1327678687338662,37.6692,148.024,0.971703
1327678687388656,37.6711,148.041,0.968038
1327678687438656,37.7002,148.068,0.960621
1327678687488650,37.7096,148.085,0.95039
1327678687539670,37.7298,148.105,0.939533
1327678687589670,37.7332,148.118,0.929612
1327678687639663,37.749,148.14,0.92469
1327678687689660,37.765,148.163,0.922892
1327678687739660,37.785,148.182,0.922811
1327678687789658,37.7886,148.202,0.921635
1327678687839653,37.8012,148.222,0.920458
1327678687890667,37.8189,148.245,0.92053
1327678687940668,37.829,148.266,0.921225
1327678687990667,37.8359,148.278,0.92192
1327678688040661,37.8513,148.308,0.920739
1327678688090657,37.864,148.323,0.920806
1327678688165652,37.8835,148.354,0.920247
1327678688215652,37.9008,148.377,0.92031
1327678688266663,37.9137,148.4,0.917873
1327678688316662,37.929,148.42,0.910434
1327678688366660,37.9421,148.437,0.899869
1327678688416658,37.9502,148.451,0.885241
1327678688466656,37.973,148.47,0.870298
1327678688516651,37.992,148.489,0.857854
1327678688566648,38.0004,148.506,0.849315
1327678688617664,38.0171,148.525,0.843118
1327678688667662,38.0348,148.545,0.843482
1327678688717660,38.0579,148.567,0.842282
1327678688767657,38.0643,148.586,0.842018
1327678688817654,38.0767,148.606,0.841597
1327678688867643,38.094,148.627,0.841644
1327678688917650,38.1027,148.644,0.842001
1327678688967646,38.1212,148.666,0.843295
1327678689018660,38.1364,148.687,0.842712
1327678689068661,38.1524,148.705,0.844003
1327678689118659,38.1687,148.724,0.845292
1327678689168654,38.1821,148.745,0.845956
1327678689218649,38.1929,148.768,0.845993
1327678689268647,38.2081,148.782,0.845872
1327678689318645,38.2255,148.806,0.847312
1327678689369658,38.2398,148.823,0.84672
1327678689419655,38.2558,148.846,0.846126
1327678689469654,38.2711,148.865,0.846156
1327678689519653,38.2843,148.882,0.846029
1327678689569651,38.2965,148.903,0.846681
1327678689619648,38.3092,148.919,0.846551
1327678689669643,38.3198,148.937,0.846577
1327678689720657,38.3411,148.959,0.845194
1327678689770656,38.3544,148.982,0.840841
1327678689820653,38.3744,149,0.833986
1327678689870651,38.3822,149.012,0.825569
1327678689920650,38.4099,149.037,0.815586
1327678689970646,38.4259,149.056,0.805602
1327678690020643,38.4379,149.07,0.796866
1327678690070641,38.4597,149.092,0.795629
1327678690121653,38.4627,149.103,0.793298
1327678690171652,38.4779,149.119,0.793309
1327678690221651,38.4995,149.142,0.79363
1327678690271648,38.5091,149.16,0.793639
1327678690321644,38.5264,149.179,0.793645
1327678690371642,38.5456,149.201,0.794275
1327678690421640,38.5654,149.219,0.796778
1327678690472654,38.5694,149.234,0.796781
1327678690522651,38.5884,149.254,0.799282
1327678690572649,38.6045,149.278,0.799438
1327678690622647,38.6191,149.297,0.799436
1327678690672645,38.6381,149.313,0.801464
1327678690722643,38.6521,149.338,0.801615
1327678690772638,38.6666,149.359,0.801765
1327678690823651,38.6824,149.374,0.801758
1327678690873654,38.692,149.391,0.801749
1327678690923647,38.7116,149.412,0.801739
1327678690973646,38.7244,149.435,0.801884
1327678691023644,38.7395,149.45,0.801871
1327678691073638,38.7513,149.466,0.801544
1327678691123638,38.7802,149.501,0.801528
1327678691173637,38.7834,149.508,0.801511
1327678691224647,38.8039,149.53,0.801492
1327678691274647,38.8185,149.55,0.801003
1327678691324645,38.8288,149.564,0.800357
1327678691374352,38.8464,149.585,0.800335
1327678691424640,38.86,149.606,0.800623
1327678691474636,38.8746,149.626,0.801848
1327678691524634,38.8938,149.651,0.801821
1327678691575646,38.9008,149.662,0.801794
1327678691625646,38.9189,149.685,0.803952
1327678691675642,38.9338,149.703,0.805171
1327678691725641,38.9494,149.724,0.805139
1327678691775637,38.9611,149.741,0.805106
1327678691825639,38.9747,149.768,0.805071
1327678691875633,38.9935,149.782,0.807535
1327678691925633,39.0122,149.804,0.80781
1327678691976644,39.0269,149.823,0.807458
1327678692026643,39.0385,149.841,0.807574
1327678692076641,39.0562,149.866,0.807689
1327678692126635,39.0684,149.883,0.807645
1327678692176633,39.0794,149.899,0.807601
1327678692226630,39.0944,149.918,0.808181
1327678692276631,39.1103,149.942,0.807978
1327678692327641,39.1209,149.957,0.80793
1327678692377643,39.1335,149.977,0.807881
1327678692427640,39.1504,149.997,0.80908
1327678692477638,39.1659,150.018,0.806372
1327678692527634,39.1809,150.034,0.803819
1327678692577632,39.1991,150.053,0.796264
1327678692627629,39.2129,150.071,0.784957
1327678692678642,39.2296,150.087,0.7749
1327678692728640,39.2502,150.11,0.767652
1327678692778638,39.2706,150.127,0.762591
1327678692828635,39.2863,150.147,0.762528
1327678692878635,39.2931,150.162,0.760277
1327678692928632,39.313,150.184,0.759587
1327678692978629,39.334,150.205,0.75952
1327678693029641,39.3442,150.22,0.759452
1327678693104635,39.3631,150.247,0.761882
1327678693154634,39.3802,150.264,0.761186
1327678693204631,39.3947,150.284,0.761738
1327678693254628,39.4101,150.303,0.761664
1327678693304623,39.428,150.323,0.764088
1327678693354622,39.4445,150.349,0.764011
1327678693405636,39.4509,150.357,0.764089
1327678693455634,39.471,150.377,0.765573
1327678693505635,39.4889,150.4,0.765885
1327678693555629,39.5055,150.42,0.767748
1327678693605628,39.5193,150.441,0.767723
1327678693655625,39.5336,150.457,0.767543
1327678693705625,39.541,150.47,0.768768
1327678693755620,39.5624,150.49,0.768744
1327678693806631,39.5757,150.511,0.76872
1327678693856648,39.6033,150.538,0.768384
1327678693906627,39.6101,150.551,0.768361
1327678693956627,39.6205,150.567,0.767088
1327678694006624,39.6414,150.586,0.767064
1327678694056621,39.6515,150.604,0.766885
1327678694106620,39.6665,150.622,0.765613
1327678694157628,39.6843,150.643,0.76559
1327678694207627,39.7045,150.665,0.764943
1327678694257626,39.7204,150.684,0.764921
1327678694307626,39.7338,150.702,0.763649
1327678694357622,39.75,150.717,0.763783
1327678694407622,39.7669,150.735,0.763449
1327678694457621,39.7819,150.755,0.762802
1327678694508632,39.7922,150.767,0.762781
1327678694558632,39.8131,150.79,0.76276
1327678694608624,39.8262,150.814,0.763208
1327678694658624,39.8388,150.83,0.762562
1327678694708622,39.8558,150.847,0.762542
1327678694758620,39.8723,150.869,0.762678
1327678694808617,39.8924,150.887,0.763908
1327678694858617,39.9109,150.907,0.763888
1327678694909626,39.9189,150.922,0.763868
1327678694959627,39.9366,150.941,0.763848
1327678695009624,39.9489,150.958,0.763829
1327678695059623,39.9643,150.976,0.76381
1327678695109619,39.984,151,0.763791
1327678695159616,39.9992,151.019,0.763772
1327678695209614,40.0146,151.034,0.763128
1327678695260626,40.0327,151.062,0.763422
1327678695310625,40.0494,151.079,0.763404
1327678695360623,40.0613,151.092,0.764636
1327678695410619,40.0737,151.108,0.764931
1327678695460618,40.0912,151.134,0.763976
1327678695510614,40.1052,151.148,0.764271
1327678695560612,40.1263,151.171,0.764253
1327678695610612,40.1369,151.185,0.764236
1327678695661625,40.1551,151.203,0.764219
1327678695711624,40.1726,151.225,0.764359
1327678695761623,40.1858,151.242,0.764342
1327678695811617,40.2032,151.265,0.764326
1327678695861618,40.214,151.279,0.763685
1327678695911609,40.2283,151.304,0.763669
1327678695961608,40.2398,151.315,0.764904
1327678696012624,40.2662,151.345,0.765982
1327678696062622,40.2799,151.358,0.765342
1327678696112617,40.2933,151.376,0.765326
1327678696162616,40.3012,151.39,0.765311
1327678696212617,40.3257,151.416,0.764672
1327678696262611,40.342,151.438,0.765751
1327678696312613,40.3498,151.445,0.765737
1327678696363622,40.3683,151.468,0.765723
1327678696413619,40.3842,151.489,0.765552
1327678696463617,40.3991,151.507,0.764289
1327678696513615,40.4114,151.523,0.763963
1327678696563616,40.4385,151.543,0.763949
1327678696613611,40.4498,151.553,0.763935
1327678696663606,40.4707,151.577,0.763922
1327678696714623,40.4848,151.592,0.763909
1327678696764621,40.5061,151.61,0.763896
1327678696814617,40.5207,151.626,0.763883
1327678696864612,40.5406,151.647,0.76387
1327678696914609,40.5555,151.66,0.763857
1327678696964607,40.5795,151.685,0.763844
1327678697014605,40.5858,151.69,0.763832
1327678697064605,40.6108,151.711,0.763819
1327678697115616,40.6234,151.724,0.763806
1327678697165617,40.6407,151.744,0.764419
1327678697215613,40.6604,151.764,0.765657
1327678697265609,40.678,151.782,0.765645
1327678697315611,40.6996,151.805,0.765789
1327678697365606,40.7162,151.814,0.765777
1327678697415606,40.7276,151.83,0.766078
1327678697466618,40.7457,151.847,0.766378
1327678697516620,40.7646,151.865,0.767617
1327678697566617,40.7808,151.874,0.76823
1327678697616614,40.7986,151.895,0.768218
1327678697666611,40.8148,151.909,0.768363
1327678697716611,40.8342,151.931,0.768352
1327678697766606,40.8469,151.944,0.76834
1327678697816603,40.8632,151.963,0.768329
1327678697867615,40.8848,151.982,0.767068
1327678697917617,40.903,151.999,0.767682
1327678697967611,40.9203,152.016,0.767671
1327678698017610,40.9351,152.028,0.767661
1327678698067607,40.9551,152.044,0.76765
1327678698117605,40.9688,152.055,0.767014
1327678698167608,40.9855,152.077,0.767003
1327678698218618,41.0054,152.101,0.766993
1327678698268615,41.0258,152.12,0.766983
1327678698318612,41.0453,152.137,0.766973
1327678698368608,41.0624,152.155,0.767588
1327678698418607,41.0761,152.169,0.768828
1327678698468600,41.094,152.176,0.768818
1327678698518600,41.1101,152.202,0.767714
1327678698569610,41.1231,152.219,0.767704
1327678698619618,41.1478,152.237,0.767695
1327678698669608,41.1626,152.256,0.767998
1327678698719606,41.1808,152.266,0.769082
1327678698769609,41.1964,152.288,0.769073
1327678698819605,41.2172,152.304,0.771564
1327678698869603,41.2291,152.315,0.771555
1327678698919598,41.2488,152.333,0.771545
1327678698970610,41.2667,152.353,0.771536
1327678699020608,41.2859,152.371,0.771371
1327678699070609,41.3029,152.389,0.771363
1327678699120606,41.3153,152.405,0.771354
1327678699170605,41.3335,152.421,0.771033
1327678699220597,41.3541,152.443,0.771025
1327678699270593,41.3708,152.455,0.771329
1327678699321610,41.388,152.471,0.771633
1327678699371607,41.4059,152.484,0.771625
1327678699421608,41.4259,152.511,0.771617
1327678699471600,41.4366,152.523,0.771609
1327678699521598,41.4579,152.54,0.770976
1327678699571602,41.478,152.564,0.770968
1327678699621600,41.4917,152.577,0.770961
1327678699672606,41.5084,152.589,0.770953
1327678699722606,41.5286,152.613,0.770946
1327678699772602,41.546,152.628,0.770626
1327678699822602,41.5598,152.643,0.770619
1327678699872600,41.5866,152.663,0.769361
1327678699922600,41.5967,152.681,0.766854
1327678699972594,41.6166,152.703,0.769348
1327678700022591,41.6285,152.713,0.767466
1327678700073602,41.6453,152.729,0.767459
1327678700123602,41.6657,152.749,0.768703
1327678700173601,41.6845,152.76,0.770571
1327678700223600,41.6965,152.776,0.770565
1327678700273598,41.7173,152.795,0.770558
1327678700323590,41.738,152.817,0.770552
1327678700373591,41.7525,152.836,0.770546
1327678700424604,41.7727,152.86,0.77304
1327678700474601,41.7887,152.865,0.772409
1327678700524599,41.804,152.885,0.772403
1327678700574597,41.8243,152.913,0.772398
1327678700624346,41.8375,152.923,0.773018
1327678700674593,41.8597,152.939,0.773325
1327678700724593,41.8786,152.957,0.773632
1327678700775601,41.897,152.974,0.773627
1327678700825599,41.9165,152.995,0.773621
1327678700875598,41.9341,153.015,0.773617
1327678700925596,41.9452,153.02,0.773611
1327678700975593,41.9627,153.041,0.773607
1327678701025590,41.9791,153.057,0.773602
1327678701075592,42.0002,153.079,0.773597
1327678701125587,42.013,153.094,0.773593
1327678701176597,42.0351,153.115,0.773589
1327678701226596,42.0541,153.128,0.773272
1327678701276595,42.0705,153.149,0.773267
1327678701326594,42.0889,153.165,0.773263
1327678701376590,42.1032,153.176,0.773259
1327678701426588,42.1198,153.199,0.772005
1327678701476581,42.1386,153.215,0.772002
1327678701527597,42.1569,153.228,0.77231
1327678701577596,42.1788,153.243,0.772306
1327678701627593,42.1936,153.262,0.771834
1327678701677592,42.2139,153.283,0.77183
1327678701727591,42.2289,153.297,0.771827
1327678701777587,42.2445,153.321,0.77198
1327678701827586,42.2617,153.333,0.771977
1327678701877579,42.2833,153.355,0.772286
1327678701928596,42.2996,153.37,0.772908
1327678701978593,42.3138,153.387,0.772906
1327678702028592,42.3354,153.401,0.772903
1327678702078587,42.3537,153.423,0.774463
1327678702128586,42.3679,153.434,0.77446
1327678702178584,42.3863,153.454,0.774457
1327678702228581,42.406,153.468,0.774455
1327678702279594,42.4168,153.488,0.774453
1327678702329591,42.4433,153.51,0.77445
1327678702379590,42.4521,153.52,0.774448
1327678702429589,42.4747,153.541,0.774446
1327678702479585,42.4894,153.557,0.774601
1327678702529585,42.5066,153.573,0.774599
1327678702579584,42.5301,153.584,0.774597
1327678702630594,42.5465,153.609,0.772095
1327678702680594,42.5629,153.626,0.772094
1327678702730589,42.5796,153.645,0.772405
1327678702780589,42.5963,153.665,0.772404
1327678702830584,42.6154,153.68,0.77209
1327678702880583,42.6366,153.692,0.772089
1327678702930584,42.6493,153.716,0.772088
1327678702980580,42.6684,153.726,0.777087
1327678703031590,42.6816,153.743,0.782086
1327678703081588,42.6982,153.773,0.783336
1327678703131587,42.7164,153.783,0.785835
1327678703181583,42.727,153.807,0.78646
1327678703231584,42.7504,153.817,0.791616
1327678703281576,42.7667,153.835,0.791616
1327678703331574,42.7812,153.854,0.791616
1327678703382589,42.798,153.861,0.791616
1327678703432589,42.8181,153.888,0.791617
1327678703482584,42.8295,153.903,0.791617
1327678703532583,42.8521,153.927,0.792243
1327678703582584,42.8703,153.941,0.792243
1327678703632579,42.882,153.961,0.792244
1327678703682578,42.9044,153.975,0.794745
1327678703732574,42.9206,153.993,0.794746
1327678703783586,42.9384,154.011,0.794747
1327678703833585,42.9524,154.028,0.793498
1327678703883582,42.9684,154.045,0.793656
1327678703933579,42.987,154.067,0.792408
1327678703983579,43.0068,154.086,0.792409
1327678704033576,43.0227,154.101,0.792411
1327678704083571,43.0392,154.117,0.792413
1327678704134583,43.0567,154.132,0.79179
1327678704184586,43.0722,154.151,0.791792
1327678704234582,43.0946,154.175,0.791794
1327678704284584,43.1092,154.189,0.793047
1327678704334578,43.1198,154.204,0.793049
1327678704384580,43.1442,154.224,0.795552
1327678704434572,43.1549,154.241,0.795555
1327678704485579,43.1724,154.261,0.796183
1327678704535579,43.1925,154.274,0.796498
1327678704585579,43.2061,154.292,0.797127
1327678704635581,43.2271,154.309,0.799005
1327678704685577,43.2415,154.328,0.799008
1327678704735580,43.2567,154.349,0.799012
1327678704785571,43.2786,154.366,0.799016
1327678704835569,43.2973,154.381,0.800269
1327678704886581,43.3108,154.397,0.801211
1327678704936583,43.3281,154.412,0.803089
1327678704986578,43.3507,154.437,0.803719
1327678705036575,43.3619,154.451,0.804035
1327678705086575,43.3742,154.472,0.804352
1327678705136571,43.3958,154.486,0.804357
1327678705186567,43.4195,154.508,0.804361
1327678705237580,43.4357,154.524,0.804366
1327678705287585,43.4512,154.538,0.804371
1327678705337577,43.4639,154.556,0.804376
1327678705387574,43.4794,154.58,0.804225
1327678705437579,43.4928,154.591,0.804074
1327678705487571,43.5178,154.612,0.804235
1327678705537568,43.5308,154.626,0.804241
1327678705587573,43.5491,154.649,0.804247
1327678705638585,43.5668,154.664,0.80394
1327678705688579,43.5843,154.681,0.800196
1327678705738573,43.6033,154.699,0.794577
1327678705788571,43.6193,154.71,0.789583
1327678705838569,43.6379,154.735,0.782089
1327678705888568,43.656,154.749,0.777095
1327678705938564,43.6708,154.767,0.772726
1327678705989575,43.6867,154.777,0.773045
1327678706039580,43.7075,154.798,0.770552
1327678706089574,43.7229,154.812,0.771808
1327678706139582,43.7404,154.835,0.771815
1327678706189568,43.7602,154.854,0.771822
1327678706239563,43.7748,154.872,0.771985
1327678706289562,43.7943,154.888,0.771992
1327678706340579,43.8109,154.903,0.772468
1327678706390572,43.8314,154.917,0.77435
1327678706440571,43.8439,154.937,0.774358
1327678706490566,43.866,154.955,0.774365
1327678706540565,43.8785,154.973,0.774372
1327678706590563,43.8965,154.988,0.774068
1327678706640559,43.9119,155.009,0.775169
1327678706690557,43.9244,155.016,0.776427
1327678706741572,43.9451,155.037,0.775185
1327678706791571,43.9667,155.057,0.775193
1327678706841567,43.9863,155.078,0.775201
1327678706891559,44.0062,155.101,0.77521
1327678706941562,44.016,155.114,0.775218
1327678706991562,44.0355,155.124,0.774914
1327678707041559,44.0577,155.15,0.774923
1327678707092571,44.0663,155.16,0.775088
1327678707142569,44.0886,155.179,0.775097
1327678707192569,44.1053,155.193,0.775106
1327678707242565,44.1232,155.214,0.773865
1327678707292564,44.1413,155.234,0.773874
1327678707342564,44.1492,155.246,0.773883
1327678707392555,44.1634,155.265,0.773893
1327678707443569,44.1828,155.276,0.773902
1327678707493570,44.2019,155.295,0.774068
1327678707543565,44.2224,155.317,0.774078
1327678707593563,44.2316,155.328,0.774088
1327678707643561,44.2521,155.35,0.774098
1327678707693559,44.2758,155.374,0.773483
1327678707743558,44.2909,155.387,0.774744
1327678707793554,44.306,155.401,0.774754
1327678707844563,44.3256,155.428,0.774764
1327678707894566,44.3407,155.44,0.775088
1327678707944564,44.3602,155.455,0.777286
1327678707994562,44.3812,155.47,0.777453
1327678708044559,44.3954,155.488,0.777463
1327678708094558,44.4186,155.508,0.779974
1327678708144552,44.4291,155.52,0.779985
1327678708195566,44.4507,155.546,0.779996
1327678708245562,44.4684,155.557,0.780008
1327678708295560,44.481,155.579,0.780019
1327678708345561,44.5048,155.597,0.78003
1327678708395560,44.5152,155.614,0.780042
1327678708445556,44.5284,155.627,0.780054
1327678708495555,44.5468,155.65,0.780379
1327678708545550,44.5661,155.662,0.781641
1327678708596565,44.5893,155.681,0.781965
1327678708646563,44.5958,155.703,0.781977
1327678708696560,44.617,155.719,0.78199
1327678708746592,44.6323,155.73,0.781846
1327678708796554,44.6442,155.753,0.781859
1327678708846551,44.6621,155.771,0.782184
1327678708896547,44.6771,155.782,0.782822
1327678708947564,44.6959,155.797,0.782835
1327678708997561,44.719,155.826,0.782848
1327678709047565,44.7236,155.832,0.782862
1327678709097559,44.7523,155.858,0.782875
1327678709147562,44.7716,155.881,0.782889
1327678709197552,44.7819,155.889,0.782902
1327678709247553,44.8062,155.911,0.782916
1327678709297548,44.8192,155.93,0.78293
1327678709348562,44.8406,155.948,0.782944
1327678709398560,44.85,155.96,0.782958
1327678709448559,44.873,155.977,0.78391
1327678709498549,44.8833,155.995,0.783924
1327678709548559,44.9112,156.024,0.783939
1327678709598551,44.921,156.038,0.783954
1327678709648546,44.9361,156.05,0.782718
1327678709699559,44.9537,156.066,0.782733
1327678709749559,44.9701,156.088,0.782748
1327678709799555,44.9942,156.105,0.78542
1327678709849557,45.0067,156.117,0.785278
1327678709899553,45.0234,156.137,0.784044
1327678709949553,45.0448,156.157,0.784059
1327678709999546,45.0569,156.176,0.784387
1327678710049548,45.0809,156.197,0.785653
1327678710100556,45.0979,156.208,0.785669
1327678710150558,45.1052,156.226,0.78506
1327678710200554,45.1262,156.247,0.78492
1327678710250555,45.1489,156.26,0.785092
1327678710300546,45.1619,156.285,0.785109
1327678710350550,45.1786,156.296,0.785125
1327678710400539,45.1964,156.319,0.785142
1327678710451557,45.2173,156.337,0.785158
1327678710501556,45.2247,156.347,0.785175
1327678710551554,45.2515,156.366,0.784879
1327678710601550,45.2604,156.386,0.78474
1327678710651548,45.2786,156.402,0.784757
1327678710701548,45.3016,156.423,0.784931
1327678710751550,45.313,156.437,0.785573
1327678710802554,45.3324,156.458,0.785591
1327678710852554,45.3487,156.479,0.785765
1327678710902550,45.3675,156.495,0.785783
1327678710952552,45.3843,156.509,0.785801
1327678711002544,45.3933,156.526,0.786444
1327678711052546,45.4151,156.546,0.786462
1327678711102540,45.4307,156.562,0.786481
1327678711152538,45.4518,156.578,0.787749
1327678711203546,45.4729,156.596,0.787767
1327678711253555,45.487,156.615,0.787473
1327678711303547,45.5031,156.629,0.787492
1327678711353549,45.5177,156.651,0.787511
1327678711403544,45.5284,156.666,0.788468
1327678711453536,45.5431,156.686,0.788487
1327678711503533,45.567,156.711,0.788507
1327678711554550,45.5833,156.734,0.788839
1327678711604549,45.602,156.741,0.789484
1327678711654551,45.6151,156.762,0.789347
1327678711704545,45.6363,156.776,0.791867
1327678711754545,45.6443,156.793,0.7922
1327678711804542,45.6628,156.815,0.79222
1327678711854539,45.678,156.825,0.792241
1327678711904532,45.7007,156.848,0.792261
1327678711955547,45.7174,156.867,0.793532
1327678712005548,45.7363,156.884,0.793865
1327678712055544,45.7536,156.899,0.792792
1327678712105539,45.7683,156.912,0.794219
1327678712155541,45.7838,156.934,0.79424
1327678712205535,45.8042,156.95,0.793636
1327678712255538,45.8179,156.967,0.792407
1327678712306551,45.8414,156.986,0.789773
1327678712356543,45.8497,157.002,0.785107
1327678712406542,45.8796,157.021,0.775128
1327678712456541,45.8985,157.039,0.7639
1327678712506539,45.9156,157.052,0.748921
1327678712556539,45.9388,157.07,0.738474
1327678712606531,45.9564,157.076,0.730683
1327678712656531,45.9662,157.097,0.725704
1327678712707542,45.9934,157.113,0.725726
1327678712757545,46.0155,157.125,0.725747
1327678712807538,46.0255,157.146,0.723269
1327678712857536,46.0474,157.161,0.722978
1327678712907538,46.07,157.178,0.722687
1327678712957533,46.0857,157.196,0.722865
1327678713007531,46.0996,157.208,0.722887
1327678713058546,46.1219,157.227,0.721659
1327678713108543,46.138,157.242,0.720899
1327678713158540,46.1579,157.266,0.720922
1327678713208535,46.1738,157.277,0.721569
1327678713258534,46.1908,157.294,0.721591
1327678713308534,46.2091,157.306,0.723488
1327678713358533,46.2364,157.326,0.72351
1327678713408530,46.2475,157.345,0.722439
1327678713459542,46.2674,157.36,0.723086
1327678713509542,46.2924,157.381,0.723109
1327678713559535,46.3059,157.396,0.723131
1327678713609536,46.3217,157.408,0.725654
1327678713659533,46.3408,157.425,0.725676
1327678713709531,46.3578,157.447,0.726324
1327678713759530,46.3709,157.463,0.726347
1327678713810545,46.3911,157.478,0.72762
1327678713860537,46.412,157.489,0.730143
1327678713910538,46.4321,157.504,0.730166
1327678713960539,46.447,157.531,0.727689
1327678714010534,46.462,157.541,0.732712
1327678714060527,46.4782,157.554,0.732736
1327678714110527,46.5018,157.571,0.732759
1327678714160522,46.5162,157.588,0.730438
1327678714211535,46.5344,157.611,0.730149
1327678714261539,46.5563,157.628,0.729079
1327678714311532,46.5717,157.641,0.729103
1327678714361529,46.5908,157.66,0.729126
1327678714411528,46.6086,157.675,0.72915
1327678714461527,46.6246,157.687,0.730424
1327678714511522,46.6434,157.697,0.730604
1327678714562537,46.66,157.711,0.730315
1327678714612537,46.6773,157.73,0.731588
1327678714662531,46.6984,157.744,0.730518
1327678714712531,46.7122,157.759,0.730542
1327678714762529,46.7286,157.778,0.73041
1327678714812524,46.7537,157.8,0.730434
1327678714862523,46.7637,157.813,0.730458
1327678714912520,46.788,157.823,0.730482
1327678714963530,46.8103,157.833,0.730506
1327678715013532,46.8218,157.853,0.729592
1327678715063530,46.8383,157.872,0.729616
1327678715113530,46.8584,157.891,0.728391
1327678715163526,46.877,157.909,0.727165
1327678715213520,46.8957,157.925,0.727033
1327678715263516,46.9158,157.944,0.727058
1327678715314533,46.9289,157.962,0.727082
1327678715364533,46.947,157.977,0.729607
1327678715414529,46.9634,157.986,0.729319
1327678715464530,46.9846,158.001,0.729344
1327678715514527,47.0028,158.025,0.729369
1327678715564524,47.0169,158.039,0.729394
1327678715614517,47.0385,158.064,0.728169
1327678715664520,47.0566,158.085,0.727882
1327678715715531,47.0724,158.099,0.728844
1327678715765532,47.0987,158.116,0.73137
1327678715815525,47.118,158.139,0.731395
1327678715865525,47.1284,158.152,0.732671
1327678715915523,47.1506,158.171,0.732697
1327678715965520,47.1686,158.191,0.732722
1327678716015518,47.1874,158.199,0.735248
1327678716066529,47.2049,158.215,0.737774
1327678716116530,47.2187,158.233,0.7403
1327678716166528,47.2388,158.247,0.745326
1327678716216526,47.2585,158.261,0.750351
1327678716266524,47.2732,158.28,0.750377
1327678716316522,47.2899,158.286,0.754778
1327678716366519,47.3065,158.306,0.754648
1327678716417530,47.3245,158.321,0.754674
1327678716467527,47.3383,158.342,0.755013
1327678716517525,47.3568,158.358,0.755039
1327678716567524,47.3703,158.374,0.755066
1327678716617522,47.3935,158.394,0.755249
1327678716667520,47.4106,158.413,0.755275
1327678716717519,47.4255,158.429,0.755302
1327678716767517,47.4486,158.454,0.755173
1327678716818526,47.4606,158.463,0.755825
1327678716868526,47.4813,158.485,0.758352
1327678716918522,47.4899,158.503,0.76338
1327678716968519,47.5052,158.517,0.773408
1327678717018517,47.5244,158.541,0.783435
1327678717068516,47.5464,158.569,0.788464
1327678717118512,47.5582,158.576,0.794742
1327678717169525,47.5738,158.599,0.79477
1327678717219524,47.5937,158.616,0.796673
1327678717269522,47.6088,158.63,0.797952
1327678717319519,47.6201,158.648,0.797981
1327678717369518,47.6403,158.666,0.798009
1327678717419515,47.6605,158.681,0.798038
1327678717469513,47.6706,158.694,0.798067
1327678717520524,47.6885,158.714,0.800596
1327678717570522,47.7085,158.739,0.800626
1327678717620523,47.7241,158.751,0.800655
1327678717670520,47.7436,158.769,0.803184
1327678717720514,47.759,158.791,0.810714
1327678717770516,47.7617,158.805,0.820744
1327678717820511,47.7913,158.829,0.835774
1327678717870510,47.798,158.848,0.850649
1327678717921523,47.808,158.865,0.861304
1327678717971520,47.8241,158.887,0.866335
1327678718021518,47.8486,158.91,0.871366
1327678718071516,47.8557,158.927,0.871398
1327678718121514,47.8695,158.95,0.87143
1327678718171511,47.8913,158.967,0.873961
1327678718221508,47.9025,158.984,0.873993
1327678718272522,47.9247,159.006,0.874025
1327678718322520,47.9409,159.022,0.874058
1327678718372518,47.9525,159.041,0.873621
1327678718422516,47.9682,159.064,0.873654
1327678718472514,47.9832,159.078,0.873687
1327678718522511,47.9992,159.099,0.873877
1327678718572511,48.0121,159.118,0.87266
1327678718622508,48.0346,159.138,0.87285
1327678718673519,48.0473,159.16,0.872883
1327678718723519,48.0597,159.175,0.872917
1327678718773516,48.0833,159.202,0.872917
1327678718823514,48.0899,159.209,0.873704
1327678718873511,48.1112,159.235,0.875804
1327678718923508,48.1232,159.25,0.881972
1327678718973506,48.1309,159.268,0.890333
1327678719024519,48.1504,159.293,0.90011
1327678719074513,48.1632,159.309,0.907706
1327678719124343,48.1725,159.33,0.912339
1327678719174512,48.186,159.351,0.911979
1327678719224511,48.2049,159.367,0.914128
1327678719274509,48.22,159.389,0.913785
1327678719324506,48.2351,159.406,0.91345
1327678719374509,48.2457,159.424,0.91312
1327678719425512,48.2629,159.441,0.912799
1327678719475515,48.2794,159.466,0.91233
1327678719525513,48.2895,159.485,0.912336
1327678719575510,48.3098,159.505,0.911414
1327678719625508,48.3242,159.524,0.911124
1327678719675506,48.3358,159.543,0.910841
1327678719725504,48.3489,159.558,0.910876
1327678719776515,48.3663,159.578,0.910608
1327678719826510,48.3898,159.607,0.910977
1327678719876512,48.4029,159.621,0.910727
1327678719926510,48.4167,159.641,0.910485
1327678719976504,48.4295,159.658,0.910249
1327678720026506,48.4432,159.677,0.91002
1327678720076503,48.4602,159.698,0.9098
1327678720126501,48.4767,159.715,0.909587
1327678720177509,48.4897,159.733,0.908132
1327678720227509,48.5018,159.75,0.907933
1327678720277506,48.5175,159.766,0.906804
1327678720327505,48.5315,159.79,0.90662
1327678720377500,48.5472,159.803,0.907069
1327678720427501,48.5645,159.827,0.906745
1327678720477500,48.5751,159.845,0.906583
1327678720528515,48.5941,159.863,0.906431
1327678720578509,48.6041,159.878,0.907534
1327678720628504,48.6261,159.906,0.907398
1327678720678505,48.6391,159.922,0.906799
1327678720728503,48.6484,159.938,0.906675
1327678720778501,48.6637,159.954,0.906871
1327678720828500,48.6811,159.978,0.9077
1327678720878496,48.7,159.994,0.908695
1327678720929508,48.7134,160.011,0.907978
1327678720979507,48.7259,160.031,0.90633
1327678721029503,48.7395,160.052,0.906252
1327678721079504,48.7613,160.078,0.906185
1327678721129499,48.7742,160.093,0.906124
1327678721179500,48.7858,160.102,0.908569
1327678721229497,48.8064,160.13,0.907431
1327678721280506,48.824,160.151,0.907395
1327678721330507,48.842,160.171,0.905962
1327678721380505,48.8541,160.184,0.905628
1327678721430502,48.8648,160.203,0.905613
1327678721480499,48.8886,160.231,0.90561
1327678721530497,48.889,160.235,0.905607
1327678721580495,48.9133,160.262,0.905617
1327678721630493,48.9348,160.283,0.90548
1327678721681504,48.9425,160.303,0.90363
1327678721731500,48.9615,160.325,0.903039
1327678721781502,48.9785,160.343,0.903081
1327678721831497,48.9838,160.351,0.903127
1327678721881497,49.0093,160.379,0.902872
1327678721931492,49.0174,160.393,0.902622
1327678721981491,49.0328,160.411,0.902692
1327678722032501,49.0436,160.428,0.901517
1327678722082499,49.0658,160.448,0.902229
1327678722132498,49.0794,160.464,0.902009
1327678722182495,49.0926,160.478,0.902109
1327678722232494,49.1055,160.496,0.902215
1327678722282493,49.1212,160.511,0.901704
1327678722332495,49.1367,160.531,0.901981
1327678722382493,49.1544,160.552,0.900862
1327678722433502,49.1689,160.572,0.901
1327678722483501,49.1832,160.586,0.903332
1327678722533499,49.194,160.604,0.903483
1327678722583495,49.2134,160.625,0.903644
1327678722633494,49.2301,160.648,0.902563
1327678722683491,49.2426,160.663,0.902894
1327678722733489,49.2621,160.69,0.903705
1327678722784501,49.2753,160.701,0.903896
1327678722834500,49.2954,160.729,0.904724
1327678722884497,49.3082,160.744,0.904307
1327678722934495,49.3244,160.766,0.903899
1327678722984492,49.3395,160.781,0.904123
1327678723034491,49.3536,160.803,0.906855
1327678723084488,49.3667,160.815,0.907093
1327678723134488,49.3816,160.841,0.907339
1327678723185497,49.3991,160.855,0.910094
1327678723235497,49.4101,160.874,0.909104
1327678723285495,49.4283,160.897,0.909843
1327678723335493,49.4446,160.917,0.91012
1327678723385491,49.4579,160.934,0.912905
1327678723435487,49.4776,160.96,0.9107
1327678723485485,49.4901,160.977,0.911001
1327678723536498,49.5021,160.986,0.915371
1327678723586496,49.5154,161.006,0.915685
1327678723636495,49.5324,161.025,0.916007
1327678723686492,49.5459,161.045,0.91618
1327678723736489,49.5593,161.064,0.917767
1327678723786487,49.5737,161.082,0.918111
1327678723836485,49.5882,161.103,0.919712
1327678723886483,49.6032,161.123,0.920071
1327678723937494,49.6187,161.146,0.921689
1327678723987493,49.6356,161.162,0.922064
1327678724037493,49.6518,161.184,0.922761
1327678724087489,49.6653,161.199,0.923151
1327678724137488,49.6806,161.223,0.92355
1327678724187487,49.696,161.242,0.924113
1327678724237482,49.7042,161.259,0.925149
1327678724288493,49.7222,161.281,0.92557
1327678724338491,49.7383,161.303,0.926155
1327678724388490,49.7514,161.318,0.927215
1327678724438489,49.766,161.337,0.927658
1327678724488487,49.7854,161.361,0.928424
1327678724538486,49.7928,161.374,0.928724
1327678724588486,49.8143,161.399,0.929192
1327678724638482,49.8294,161.423,0.929667
1327678724689491,49.8414,161.438,0.930149
1327678724739491,49.8534,161.458,0.930013
1327678724789490,49.8715,161.479,0.932698
1327678724839486,49.8872,161.501,0.932891
1327678724889484,49.9042,161.525,0.934655
1327678724939484,49.9152,161.539,0.936269
1327678724989481,49.9274,161.556,0.936483
1327678725040492,49.9469,161.579,0.93702
1327678725090486,49.9599,161.6,0.937251
1327678725140485,49.9724,161.619,0.937801
1327678725190489,49.9821,161.632,0.9382
1327678725240485,50.0042,161.663,0.938766
1327678725290479,50.0148,161.676,0.939651
1327678725340477,50.034,161.698,0.940232
1327678725390475,50.0457,161.715,0.941132
1327678725441487,50.059,161.735,0.941102
1327678725491488,50.0752,161.755,0.941705
1327678725541484,50.0832,161.767,0.941688
1327678725591482,50.103,161.792,0.941055
1327678725641482,50.1144,161.809,0.941991
1327678725691479,50.1317,161.83,0.942623
1327678725741475,50.1452,161.847,0.943575
1327678725792487,50.1593,161.867,0.944221
1327678725842487,50.1735,161.888,0.944875
1327678725892486,50.1907,161.917,0.945539
1327678725942483,50.2048,161.929,0.946209
1327678725992482,50.2184,161.95,0.947199
1327678726042478,50.2286,161.962,0.946631
1327678726092472,50.2464,161.985,0.947166
1327678726142471,50.2613,162.008,0.949116
1327678726193483,50.267,162.021,0.949819
1327678726243482,50.2851,162.05,0.950688
1327678726293482,50.2988,162.069,0.949533
1327678726343481,50.3123,162.083,0.953073
1327678726393478,50.3208,162.1,0.953073
1327678726443477,50.3392,162.129,0.952404
1327678726493470,50.3566,162.146,0.951486
1327678726569481,50.3705,162.168,0.950587
1327678726619480,50.3848,162.195,0.951115
1327678726669478,50.4039,162.212,0.950252
1327678726719477,50.4144,162.231,0.949091
1327678726769473,50.4331,162.254,0.947637
1327678726819469,50.4455,162.281,0.94683
1327678726869467,50.4652,162.299,0.945257
1327678726920481,50.4777,162.311,0.947599
1327678726970477,50.4932,162.335,0.946837
1327678727020476,50.5064,162.35,0.946087
1327678727070473,50.5223,162.369,0.945197
1327678727120471,50.5343,162.393,0.944483
1327678727170472,50.5548,162.415,0.943787
1327678727220465,50.5674,162.438,0.942953
1327678727270466,50.5785,162.457,0.939791
1327678727321479,50.5967,162.478,0.939147
1327678727371475,50.6148,162.503,0.938524
1327678727421474,50.6249,162.52,0.938227
1327678727471476,50.6401,162.538,0.937632
1327678727521472,50.6595,162.559,0.938618
1327678727571467,50.6765,162.587,0.938376
1327678727621469,50.6905,162.602,0.937835
1327678727671462,50.7018,162.628,0.934814
1327678727722473,50.722,162.649,0.936811
1327678727772477,50.7354,162.656,0.936158
1327678727822468,50.7497,162.683,0.936308
1327678727872471,50.7661,162.703,0.934599
1327678727922466,50.7826,162.727,0.934161
1327678727972463,50.7941,162.746,0.934988
1327678728022462,50.8151,162.768,0.933333
1327678728073474,50.8308,162.789,0.929196
1327678728123470,50.8442,162.804,0.923821
1327678728173479,50.8561,162.814,0.92033
1327678728223471,50.8764,162.839,0.914985
1327678728273470,50.8933,162.849,0.909648
1327678728323465,50.9119,162.864,0.903699
1327678728373465,50.9294,162.896,0.895902
1327678728423455,50.9469,162.91,0.890616
1327678728474471,50.9632,162.929,0.883315
1327678728524468,50.9832,162.94,0.876804
1327678728574468,50.9973,162.957,0.871558
1327678728624357,51.0132,162.975,0.865077
1327678728674461,51.0296,162.989,0.857514
1327678728724459,51.0481,163.018,0.847474
1327678728774460,51.0671,163.029,0.837288
1327678728825478,51.0756,163.031,0.826948
1327678728875469,51.094,163.033,0.811766
1327678728925468,51.1163,163.06,0.791607
1327678728975470,51.1325,163.073,0.77146
1327678729025462,51.1497,163.075,0.751315
1327678729075460,51.1672,163.085,0.728678
1327678729125458,51.1902,163.104,0.704807
1327678729175455,51.2053,163.112,0.679694
1327678729226467,51.2285,163.114,0.656927
1327678729276467,51.2481,163.117,0.63182
1327678729326465,51.2677,163.13,0.606411
1327678729376463,51.2888,163.131,0.583192
1327678729426463,51.3079,163.139,0.556856
1327678729476458,51.3287,163.142,0.531616
1327678729526456,51.3521,163.152,0.506855
1327678729577467,51.3719,163.16,0.486788
1327678729627468,51.4023,163.169,0.469229
1327678729677463,51.4235,163.18,0.45418
1327678729727460,51.4448,163.191,0.440548
1327678729777459,51.4667,163.194,0.429887
1327678729827457,51.4907,163.208,0.416114
1327678729877477,51.5164,163.215,0.403441
1327678729927456,51.5399,163.225,0.389684
1327678729978464,51.564,163.236,0.374686
1327678730028464,51.5881,163.237,0.355941
1327678730078465,51.6176,163.239,0.331574
1327678730128459,51.6415,163.25,0.302217
1327678730178455,51.6713,163.24,0.273478
1327678730228454,51.6968,163.245,0.240994
1327678730278450,51.7261,163.243,0.208823
1327678730329463,51.7499,163.252,0.173848
1327678730379462,51.7696,163.239,0.143863
1327678730429458,51.8001,163.233,0.111375
1327678730479458,51.8266,163.228,0.0801355
1327678730529456,51.8543,163.225,0.0501442
1327678730579457,51.8757,163.217,0.0207728
1327678730629453,51.9048,163.215,-0.00922348
1327678730679446,51.9301,163.216,-0.0392183
1327678730730469,51.9533,163.204,-0.0654714
1327678730780461,51.9762,163.202,-0.0904747
1327678730830461,52.0023,163.195,-0.110482
1327678730880459,52.0223,163.189,-0.128619
1327678730930456,52.0519,163.183,-0.146133
1327678730980458,52.071,163.177,-0.161932
1327678731030452,52.0909,163.171,-0.177578
1327678731080446,52.1219,163.165,-0.192603
1327678731131460,52.1458,163.154,-0.207949
1327678731181460,52.1685,163.15,-0.224389
1327678731231459,52.1929,163.146,-0.243175
1327678731281454,52.2196,163.141,-0.263214
1327678731331451,52.2412,163.128,-0.285762
1327678731381450,52.269,163.113,-0.31082
1327678731431447,52.2879,163.099,-0.336202
1327678731482462,52.3071,163.09,-0.363776
1327678731532455,52.3316,163.07,-0.388865
1327678731582456,52.3524,163.062,-0.413335
1327678731632454,52.3769,163.044,-0.434692
1327678731682453,52.3954,163.032,-0.449652
1327678731732451,52.414,163.02,-0.462276
1327678731782445,52.4374,163.01,-0.469907
1327678731832443,52.4585,163.002,-0.475043
1327678731883453,52.4833,162.988,-0.475189
1327678731933454,52.5017,162.985,-0.477837
1327678731983451,52.5234,162.975,-0.477992
1327678732033448,52.5468,162.963,-0.478154
1327678732083448,52.5735,162.955,-0.478322
1327678732133446,52.5972,162.946,-0.478495
1327678732183444,52.6162,162.936,-0.478675
1327678732234457,52.6399,162.928,-0.478861
1327678732284454,52.6613,162.92,-0.477801
1327678732334450,52.6847,162.916,-0.477369
1327678732384448,52.7058,162.901,-0.475072
1327678732434448,52.7353,162.891,-0.475282
1327678732484443,52.7549,162.885,-0.474245
1327678732534441,52.7832,162.874,-0.474466
1327678732584438,52.8043,162.862,-0.472196
1327678732635447,52.8205,162.857,-0.471022
1327678732685447,52.8484,162.849,-0.471259
1327678732735445,52.8667,162.839,-0.470253
1327678732785444,52.8937,162.824,-0.469257
1327678732835441,52.9211,162.81,-0.468272
1327678732885439,52.9403,162.808,-0.471974
1327678732935436,52.965,162.791,-0.477095
1327678732986450,52.9855,162.785,-0.487375
1327678733036448,53.0038,162.774,-0.496413
1327678733086448,53.0315,162.755,-0.501715
1327678733136443,53.0503,162.752,-0.505144
1327678733186444,53.0741,162.74,-0.505455
1327678733236439,53.0938,162.732,-0.506397
1327678733286427,53.1186,162.721,-0.506097
1327678733336437,53.1429,162.713,-0.506426
1327678733387446,53.1686,162.698,-0.507391
1327678733437445,53.1911,162.692,-0.512735
1327678733487443,53.2079,162.676,-0.51934
1327678733537441,53.2388,162.659,-0.529707
1327678733587441,53.2589,162.645,-0.547584
1327678733637436,53.2762,162.63,-0.567972
1327678733687433,53.2957,162.616,-0.592432
1327678733738444,53.3086,162.61,-0.617678
1327678733788447,53.3317,162.588,-0.638097
1327678733838442,53.3555,162.57,-0.653528
1327678733888441,53.3711,162.557,-0.665218
1327678733938438,53.3864,162.541,-0.6713
1327678733988436,53.4069,162.531,-0.675833
