# x_m,y_m (laser endpoints from GT-aligned scans, 10 cm dedupe)
16.80,140.00
16.80,140.10
16.80,140.20
16.80,140.30
16.90,140.00
22.60,133.50
22.60,133.60
22.70,133.30
22.70,133.40
22.70,133.50
22.70,133.60
22.80,133.20
22.80,133.30
22.80,133.40
22.80,133.60
22.90,132.90
22.90,133.10
22.90,133.20
22.90,133.30
23.00,132.70
23.00,132.80
23.00,132.90
23.00,133.00
23.00,133.10
23.10,132.50
23.10,132.60
23.10,132.70
23.10,132.80
23.10,132.90
23.10,133.00
23.10,133.40
23.10,133.50
23.20,132.30
23.20,132.40
23.20,132.50
23.20,132.60
23.20,132.70
23.20,132.80
23.20,132.90
23.20,133.00
23.20,133.10
23.20,133.40
23.20,141.60
23.30,132.10
23.30,132.20
23.30,132.30
23.30,132.40
23.30,132.50
23.30,132.80
23.30,132.90
23.30,133.40
23.40,132.00
23.40,132.10
23.40,132.20
23.40,132.30
23.40,132.40
23.40,133.40
23.40,133.50
23.50,132.00
23.50,132.10
23.50,132.20
23.50,133.50
23.60,131.60
23.60,131.90
23.60,132.10
23.60,133.50
23.60,133.60
23.70,132.00
23.70,133.60
23.80,130.90
23.80,131.00
23.80,131.10
23.80,133.60
23.80,133.70
23.90,130.70
23.90,130.80
23.90,130.90
23.90,131.00
23.90,131.10
23.90,133.70
24.00,130.60
24.00,130.70
24.00,130.80
24.00,133.70
24.00,133.80
24.00,134.30
24.00,134.40
24.10,130.30
24.10,130.40
24.10,130.50
24.10,130.60
24.10,130.70
24.10,131.90
24.10,134.10
24.10,143.30
24.20,130.10
24.20,130.20
24.20,130.30
24.20,130.40
24.20,130.50
24.20,132.50
24.20,132.60
24.20,132.70
24.20,132.80
24.20,133.80
24.20,133.90
24.20,134.00
24.20,134.10
24.20,134.30
24.30,129.90
24.30,130.00
24.30,130.10
24.30,131.90
24.30,132.00
24.30,132.60
24.30,132.70
24.30,132.80
24.30,134.20
24.30,134.30
24.40,129.80
24.40,129.90
24.40,131.70
24.40,131.80
24.40,131.90
24.40,132.70
24.40,134.00
24.40,143.40
24.50,129.70
24.50,129.80
24.50,131.90
24.50,132.90
24.50,133.90
24.50,134.00
24.50,134.10
24.50,134.20
24.60,129.80
24.60,133.90
24.60,134.00
24.60,134.10
24.60,134.20
24.60,134.60
24.70,129.40
24.70,129.50
24.70,129.60
24.70,129.80
24.70,133.90
24.70,134.00
24.70,134.10
24.70,134.20
24.70,134.60
24.70,134.70
24.70,143.60
24.80,129.30
24.80,129.50
24.80,129.80
24.80,129.90
24.80,133.90
24.80,134.00
24.80,134.10
24.80,134.20
24.80,134.30
24.80,134.60
24.80,134.70
24.80,134.80
24.90,129.00
24.90,129.20
24.90,129.40
24.90,129.90
24.90,131.60
24.90,131.70
24.90,131.80
24.90,133.30
24.90,133.40
24.90,133.90
24.90,134.00
24.90,134.10
24.90,134.20
24.90,134.30
24.90,134.60
24.90,134.70
24.90,134.80
25.00,128.50
25.00,128.60
25.00,128.80
25.00,128.90
25.00,129.00
25.00,130.00
25.00,131.20
25.00,131.30
25.00,131.40
25.00,131.50
25.00,131.60
25.00,133.80
25.00,133.90
25.00,134.00
25.00,134.80
25.10,128.40
25.10,128.50
25.10,128.60
25.10,128.80
25.10,129.00
25.10,130.00
25.10,130.10
25.10,131.20
25.10,131.30
25.10,131.40
25.10,131.50
25.10,131.70
25.10,134.00
25.10,134.20
25.10,134.40
25.10,134.50
25.10,134.80
25.10,134.90
25.10,135.20
25.10,135.30
25.10,135.40
25.20,128.20
25.20,128.30
25.20,128.40
25.20,128.70
25.20,128.80
25.20,128.90
25.20,130.00
25.20,131.40
25.20,131.50
25.20,131.70
25.20,131.80
25.20,134.20
25.20,134.40
25.20,134.50
25.20,134.90
25.20,135.00
25.20,135.10
25.20,135.20
25.20,135.30
25.20,135.40
25.20,135.50
25.20,143.80
25.30,128.10
25.30,128.20
25.30,128.30
25.30,128.70
25.30,128.80
25.30,129.10
25.30,130.10
25.30,131.50
25.30,131.70
25.30,131.80
25.30,133.50
25.30,134.20
25.30,134.30
25.30,134.40
25.30,134.90
25.30,135.00
25.30,135.10
25.30,135.40
25.30,135.50
25.30,135.60
25.30,142.60
25.30,143.90
25.40,128.00
25.40,128.10
25.40,128.80
25.40,128.90
25.40,130.20
25.40,131.80
25.40,131.90
25.40,132.00
25.40,133.60
25.40,134.20
25.40,134.30
25.40,134.40
25.40,134.90
25.40,135.60
25.40,135.70
25.50,127.90
25.50,128.00
25.50,129.70
25.50,130.20
25.50,131.90
25.50,132.00
25.50,134.90
25.50,135.70
25.60,127.70
25.60,127.80
25.60,127.90
25.60,130.20
25.60,130.30
25.60,132.00
25.60,135.70
25.70,127.60
25.70,127.70
25.70,127.80
25.70,129.30
25.70,129.70
25.70,130.00
25.70,130.10
25.70,130.20
25.70,130.30
25.80,127.50
25.80,127.60
25.80,127.70
25.80,129.90
25.80,130.00
25.80,130.10
25.80,130.30
25.80,131.90
25.80,135.60
25.80,144.00
25.90,127.40
25.90,127.50
25.90,129.40
25.90,129.70
25.90,129.80
25.90,130.00
25.90,131.90
25.90,142.80
25.90,144.20
26.00,127.30
26.00,127.40
26.00,129.40
26.00,129.50
26.00,129.60
26.00,129.70
26.00,129.80
26.00,130.00
26.00,131.90
26.10,127.10
26.10,127.20
26.10,127.30
26.10,127.40
26.10,127.50
26.10,127.60
26.10,129.50
26.10,130.00
26.10,130.10
26.10,133.20
26.10,133.30
26.20,127.00
26.20,127.10
26.20,127.20
26.20,127.40
26.20,129.70
26.20,130.10
26.20,130.60
26.20,133.30
26.20,144.30
26.30,126.80
26.30,126.90
26.30,127.00
26.30,127.70
26.30,130.70
26.30,132.00
26.30,132.10
26.30,132.20
26.30,132.50
26.30,132.60
26.30,132.70
26.30,132.80
26.30,133.10
26.30,133.30
26.30,133.60
26.30,133.70
26.30,144.30
26.40,126.80
26.40,126.90
26.40,127.00
26.40,127.50
26.40,127.90
26.40,130.60
26.40,130.70
26.40,132.10
26.40,132.20
26.40,132.40
26.40,132.50
26.40,132.60
26.40,132.70
26.40,133.00
26.40,133.40
26.40,133.50
26.40,133.60
26.40,133.70
26.50,126.80
26.50,130.30
26.50,132.20
26.50,132.30
26.50,132.40
26.50,132.50
26.50,133.40
26.50,133.50
26.50,133.60
26.50,133.70
26.50,134.90
26.50,144.40
26.60,126.80
26.60,126.90
26.60,132.20
26.60,132.30
26.60,132.40
26.60,132.80
26.60,132.90
26.60,133.30
26.60,133.40
26.60,133.80
26.60,133.90
26.60,134.90
26.60,135.00
26.60,144.50
26.70,126.90
26.70,130.10
26.70,132.10
26.70,132.30
26.70,132.40
26.70,133.50
26.70,133.60
26.70,135.00
26.70,135.10
26.80,126.90
26.80,130.10
26.80,130.20
26.80,132.20
26.80,132.40
26.80,132.50
26.80,133.40
26.80,133.50
26.80,135.00
26.80,135.10
26.80,143.40
26.80,144.60
26.90,126.70
26.90,126.80
26.90,126.90
26.90,132.10
26.90,132.40
26.90,132.50
26.90,133.50
26.90,134.00
26.90,135.00
26.90,135.10
26.90,136.10
26.90,136.20
26.90,136.30
27.00,126.50
27.00,126.60
27.00,126.70
27.00,130.90
27.00,131.00
27.00,132.10
27.00,132.40
27.00,132.50
27.00,132.60
27.00,132.70
27.00,133.50
27.00,133.60
27.00,134.00
27.00,134.10
27.00,135.10
27.00,135.20
27.00,135.80
27.00,135.90
27.00,136.00
27.00,136.10
27.00,136.20
27.00,136.30
27.00,136.40
27.10,126.40
27.10,130.10
27.10,132.20
27.10,132.40
27.10,132.50
27.10,133.00
27.10,133.50
27.10,133.60
27.10,133.70
27.10,135.20
27.10,135.60
27.10,135.70
27.10,135.80
27.10,135.90
27.10,136.30
27.10,136.40
27.10,136.50
27.10,144.60
27.10,144.70
27.20,126.50
27.20,130.10
27.20,131.10
27.20,132.30
27.20,132.40
27.20,132.80
27.20,133.00
27.20,133.60
27.20,133.70
27.20,133.80
27.20,135.20
27.20,135.30
27.20,135.40
27.20,135.50
27.20,135.60
27.20,136.40
27.20,136.50
27.20,144.80
27.30,126.50
27.30,132.20
27.30,132.30
27.30,132.40
27.30,132.50
27.30,132.90
27.30,133.00
27.30,133.40
27.30,133.50
27.30,133.60
27.30,133.70
27.30,135.20
27.30,135.30
27.30,135.40
27.30,136.40
27.30,136.50
27.30,143.40
27.30,144.70
27.40,126.60
27.40,132.40
27.40,132.50
27.40,133.00
27.40,133.10
27.40,133.20
27.40,133.30
27.40,133.40
27.40,133.50
27.40,133.60
27.40,135.20
27.40,135.30
27.40,136.40
27.40,136.50
27.40,136.60
27.50,126.60
27.50,127.80
27.50,132.50
27.50,132.60
27.50,133.00
27.50,133.10
27.50,133.20
27.50,133.30
27.50,133.40
27.50,133.50
27.50,136.50
27.50,136.60
27.50,144.90
27.60,126.60
27.60,126.70
27.60,127.80
27.60,130.50
27.60,130.60
27.60,132.50
27.60,132.60
27.60,133.20
27.60,133.50
27.60,136.60
27.60,143.70
27.60,144.90
27.60,145.00
27.70,126.90
27.70,127.00
27.70,130.50
27.70,130.60
27.70,132.60
27.70,133.40
27.70,133.60
27.70,136.60
27.70,136.70
27.70,145.00
27.80,126.80
27.80,127.00
27.80,127.10
27.80,132.60
27.80,132.70
27.80,136.60
27.80,136.70
27.80,145.00
27.90,126.90
27.90,132.60
27.90,132.70
27.90,133.00
27.90,133.60
27.90,133.70
27.90,136.10
27.90,136.60
27.90,136.70
27.90,145.00
27.90,145.10
28.00,126.80
28.00,132.70
28.00,132.80
28.00,133.00
28.00,133.10
28.00,133.60
28.00,133.70
28.00,136.50
28.00,136.60
28.00,136.70
28.00,145.00
28.00,145.10
28.10,127.10
28.10,127.20
28.10,127.30
28.10,132.80
28.10,136.40
28.10,136.50
28.10,136.60
28.10,136.70
28.20,126.90
28.20,127.30
28.20,132.80
28.20,132.90
28.20,133.30
28.20,136.10
28.20,136.20
28.20,136.30
28.20,136.40
28.20,136.50
28.20,136.60
28.20,136.70
28.20,136.80
28.20,145.20
28.30,126.90
28.30,127.00
28.30,132.80
28.30,132.90
28.30,133.30
28.30,136.20
28.30,136.30
28.30,136.40
28.30,136.50
28.30,136.60
28.30,136.70
28.30,136.80
28.30,136.90
28.30,143.90
28.30,145.20
28.30,145.30
28.40,127.00
28.40,136.10
28.40,136.20
28.40,136.30
28.40,136.40
28.40,136.80
28.40,136.90
28.40,145.30
28.50,127.00
28.50,136.20
28.50,136.80
28.50,136.90
28.50,137.00
28.50,145.30
28.50,145.40
28.60,127.00
28.60,136.80
28.60,136.90
28.60,137.00
28.60,145.40
28.70,127.10
28.70,136.90
28.70,137.00
28.70,144.30
28.70,145.40
28.80,127.10
28.80,127.20
28.80,136.80
28.80,137.00
28.80,137.10
28.80,145.40
28.80,145.50
28.90,127.20
28.90,136.50
28.90,136.60
28.90,136.80
28.90,137.00
28.90,137.10
28.90,145.40
28.90,145.50
28.90,145.60
29.00,127.20
29.00,127.30
29.00,136.50
29.00,136.60
29.00,136.70
29.00,136.80
29.00,136.90
29.00,137.00
29.00,137.10
29.00,145.60
29.10,127.30
29.10,127.40
29.10,128.60
29.10,128.80
29.10,128.90
29.10,136.50
29.10,136.60
29.10,136.70
29.10,136.80
29.10,136.90
29.10,137.00
29.10,145.60
29.10,145.70
29.20,127.30
29.20,127.40
29.20,128.60
29.20,128.80
29.20,128.90
29.20,132.30
29.20,132.40
29.20,132.50
29.20,132.60
29.20,132.70
29.20,132.80
29.20,136.50
29.20,136.60
29.20,136.70
29.20,145.70
29.30,127.40
29.30,127.50
29.30,128.30
29.30,132.30
29.30,132.40
29.30,132.50
29.30,132.60
29.30,132.70
29.30,132.80
29.30,136.60
29.30,144.40
29.30,145.70
29.40,127.40
29.40,128.30
29.40,128.40
29.40,132.10
29.40,132.20
29.40,132.30
29.40,132.60
29.40,132.80
29.40,136.50
29.40,136.60
29.40,136.70
29.40,144.60
29.40,145.80
29.50,128.30
29.50,128.40
29.50,131.90
29.50,132.00
29.50,132.10
29.50,132.20
29.50,132.30
29.50,132.40
29.50,132.50
29.50,136.50
29.50,136.60
29.50,136.70
29.50,140.40
29.50,140.50
29.50,140.60
29.50,145.80
29.60,128.20
29.60,128.30
29.60,128.40
29.60,131.80
29.60,131.90
29.60,132.10
29.60,132.30
29.60,132.40
29.60,132.50
29.60,132.60
29.60,136.40
29.60,136.50
29.60,136.60
29.60,136.70
29.60,137.30
29.60,137.40
29.60,140.20
29.60,140.30
29.60,140.50
29.60,140.60
29.60,140.70
29.60,140.90
29.60,141.00
29.60,145.90
29.70,128.30
29.70,131.80
29.70,131.90
29.70,132.40
29.70,132.50
29.70,132.70
29.70,132.80
29.70,136.40
29.70,136.50
29.70,136.60
29.70,136.70
29.70,136.80
29.70,137.00
29.70,137.10
29.70,137.20
29.70,137.40
29.70,137.50
29.70,139.90
29.70,140.00
29.70,140.10
29.70,140.70
29.70,140.80
29.70,141.00
29.70,141.10
29.70,145.90
29.80,131.80
29.80,131.90
29.80,132.00
29.80,132.50
29.80,132.60
29.80,132.80
29.80,132.90
29.80,133.00
29.80,133.10
29.80,136.50
29.80,136.60
29.80,136.70
29.80,136.80
29.80,136.90
29.80,137.00
29.80,137.10
29.80,137.20
29.80,137.30
29.80,137.40
29.80,137.50
29.80,139.70
29.80,140.60
29.80,140.70
29.80,140.90
29.80,141.00
29.80,141.10
29.80,146.00
29.90,127.60
29.90,127.70
29.90,131.60
29.90,131.70
29.90,132.00
29.90,132.10
29.90,132.30
29.90,132.40
29.90,132.70
29.90,132.80
29.90,132.90
29.90,133.00
29.90,133.10
29.90,136.40
29.90,136.50
29.90,136.60
29.90,136.70
29.90,136.80
29.90,136.90
29.90,137.00
29.90,137.10
29.90,137.20
29.90,137.30
29.90,137.50
29.90,137.60
29.90,139.70
29.90,139.90
29.90,140.80
29.90,140.90
29.90,141.00
29.90,141.10
29.90,146.00
30.00,127.70
30.00,131.60
30.00,132.10
30.00,132.20
30.00,132.60
30.00,132.70
30.00,133.10
30.00,133.20
30.00,136.40
30.00,136.50
30.00,136.60
30.00,136.70
30.00,136.80
30.00,136.90
30.00,137.00
30.00,137.10
30.00,137.20
30.00,137.30
30.00,137.40
30.00,137.50
30.00,137.60
30.00,139.40
30.00,139.70
30.00,141.10
30.00,141.20
30.00,144.80
30.00,146.00
30.00,146.10
30.10,127.70
30.10,132.40
30.10,132.50
30.10,132.60
30.10,133.10
30.10,133.20
30.10,134.60
30.10,136.60
30.10,136.70
30.10,136.80
30.10,136.90
30.10,137.00
30.10,137.10
30.10,137.20
30.10,137.50
30.10,137.60
30.10,139.40
30.10,141.20
30.10,146.10
30.10,146.20
30.20,132.50
30.20,132.60
30.20,132.90
30.20,133.00
30.20,134.60
30.20,135.00
30.20,135.10
30.20,136.70
30.20,136.80
30.20,136.90
30.20,137.00
30.20,137.10
30.20,137.20
30.20,137.40
30.20,137.50
30.20,137.60
30.20,137.70
30.20,139.60
30.20,141.20
30.20,141.30
30.20,146.20
30.30,127.00
30.30,130.60
30.30,132.60
30.30,132.70
30.30,132.80
30.30,132.90
30.30,135.00
30.30,135.10
30.30,136.70
30.30,136.80
30.30,136.90
30.30,137.00
30.30,137.10
30.30,137.20
30.30,137.30
30.30,137.40
30.30,137.50
30.30,137.60
30.30,137.70
30.30,141.30
30.30,146.20
30.30,148.00
30.30,148.10
30.30,148.50
30.30,148.60
30.30,148.70
30.30,148.80
30.40,130.60
30.40,131.60
30.40,131.80
30.40,132.40
30.40,132.70
30.40,134.20
30.40,134.70
30.40,134.80
30.40,135.00
30.40,135.10
30.40,135.30
30.40,135.40
30.40,137.20
30.40,137.30
30.40,137.40
30.40,137.50
30.40,141.30
30.40,141.40
30.40,146.20
30.40,146.30
30.40,147.80
30.40,147.90
30.40,148.00
30.40,148.10
30.40,148.40
30.40,148.50
30.40,148.60
30.40,148.70
30.40,148.80
30.40,150.00
30.40,150.10
30.40,150.20
30.40,150.30
30.40,150.40
30.40,150.50
30.40,150.60
30.50,132.00
30.50,134.60
30.50,135.00
30.50,135.10
30.50,135.20
30.50,135.30
30.50,135.40
30.50,137.30
30.50,137.40
30.50,137.50
30.50,137.60
30.50,137.70
30.50,137.80
30.50,141.30
30.50,141.40
30.50,146.30
30.50,147.60
30.50,147.70
30.50,147.80
30.50,147.90
30.50,148.00
30.50,148.10
30.50,148.20
30.50,148.30
30.50,148.40
30.50,148.50
30.50,148.60
30.50,148.70
30.50,148.80
30.50,149.90
30.50,150.00
30.50,150.10
30.50,150.20
30.50,150.30
30.50,150.40
30.50,150.50
30.50,150.60
30.50,150.70
30.50,150.80
30.50,150.90
30.60,132.20
30.60,132.30
30.60,132.40
30.60,133.40
30.60,135.10
30.60,135.20
30.60,135.40
30.60,135.50
30.60,137.30
30.60,137.40
30.60,137.50
30.60,137.60
30.60,137.70
30.60,137.80
30.60,137.90
30.60,141.40
30.60,141.50
30.60,144.20
30.60,146.30
30.60,147.50
30.60,147.60
30.60,147.70
30.60,147.80
30.60,148.20
30.60,148.30
30.60,148.80
30.60,148.90
30.60,149.70
30.60,149.80
30.60,149.90
30.60,150.60
30.60,150.80
30.60,150.90
30.60,151.00
30.70,124.80
30.70,128.80
30.70,129.10
30.70,129.20
30.70,129.30
30.70,131.80
30.70,132.10
30.70,132.20
30.70,132.30
30.70,132.40
30.70,133.50
30.70,133.70
30.70,133.80
30.70,133.90
30.70,134.00
30.70,134.40
30.70,135.20
30.70,135.50
30.70,135.60
30.70,137.40
30.70,137.50
30.70,137.60
30.70,137.70
30.70,137.80
30.70,138.70
30.70,138.80
30.70,138.90
30.70,139.00
30.70,139.10
30.70,141.50
30.70,144.30
30.70,145.00
30.70,145.20
30.70,146.40
30.70,147.30
30.70,147.40
30.70,147.50
30.70,147.60
30.70,149.70
30.70,149.80
30.70,150.90
30.70,151.00
30.70,151.10
30.70,151.20
30.70,151.30
30.70,151.40
30.80,128.80
30.80,129.00
30.80,129.10
30.80,129.20
30.80,129.30
30.80,132.00
30.80,132.10
30.80,132.30
30.80,132.40
30.80,132.50
30.80,133.70
30.80,133.90
30.80,134.00
30.80,135.10
30.80,135.20
30.80,135.30
30.80,135.40
30.80,135.50
30.80,135.60
30.80,135.70
30.80,137.40
30.80,137.50
30.80,137.60
30.80,137.70
30.80,138.50
30.80,138.60
30.80,138.70
30.80,138.80
30.80,141.50
30.80,141.60
30.80,144.30
30.80,146.40
30.80,146.50
30.80,147.30
30.80,147.40
30.80,147.50
30.80,148.80
30.80,149.40
30.80,149.50
30.80,149.60
30.80,149.70
30.80,151.40
30.80,151.50
30.90,125.00
30.90,128.70
30.90,128.80
30.90,128.90
30.90,129.20
30.90,129.30
30.90,129.60
30.90,129.70
30.90,129.90
30.90,131.70
30.90,131.90
30.90,132.00
30.90,132.10
30.90,132.40
30.90,132.50
30.90,133.70
30.90,133.80
30.90,133.90
30.90,134.00
30.90,134.80
30.90,135.10
30.90,135.20
30.90,135.30
30.90,135.40
30.90,135.50
30.90,135.60
30.90,135.70
30.90,135.80
30.90,135.90
30.90,137.50
30.90,137.60
30.90,137.70
30.90,138.00
30.90,138.20
30.90,138.30
30.90,138.40
30.90,138.50
30.90,138.60
30.90,141.60
30.90,144.30
30.90,144.40
30.90,146.40
30.90,146.50
30.90,147.40
30.90,148.80
30.90,149.30
30.90,149.40
30.90,149.50
30.90,149.60
30.90,149.70
31.00,125.00
31.00,128.70
31.00,129.10
31.00,129.30
31.00,129.50
31.00,129.70
31.00,129.80
31.00,131.40
31.00,131.50
31.00,131.70
31.00,131.80
31.00,131.90
31.00,132.00
31.00,132.40
31.00,132.80
31.00,133.60
31.00,133.80
31.00,133.90
31.00,134.00
31.00,134.70
31.00,134.80
31.00,135.00
31.00,135.10
31.00,135.20
31.00,135.30
31.00,135.40
31.00,135.60
31.00,135.70
31.00,135.90
31.00,137.60
31.00,137.70
31.00,138.00
31.00,138.10
31.00,138.20
31.00,138.30
31.00,138.40
31.00,141.60
31.00,141.90
31.00,142.10
31.00,144.40
31.00,146.50
31.00,147.40
31.00,147.50
31.00,148.80
31.00,148.90
31.00,149.30
31.00,149.40
31.10,125.00
31.10,125.30
31.10,125.50
31.10,125.60
31.10,127.70
31.10,127.80
31.10,127.90
31.10,128.00
31.10,128.50
31.10,128.60
31.10,129.80
31.10,129.90
31.10,130.00
31.10,131.50
31.10,131.60
31.10,131.70
31.10,131.80
31.10,131.90
31.10,132.30
31.10,132.40
31.10,133.00
31.10,133.30
31.10,133.40
31.10,133.50
31.10,133.60
31.10,133.80
31.10,133.90
31.10,134.00
31.10,134.60
31.10,134.70
31.10,134.90
31.10,135.00
31.10,135.10
31.10,135.20
31.10,135.70
31.10,135.90
31.10,136.00
31.10,137.70
31.10,137.80
31.10,137.90
31.10,138.00
31.10,138.10
31.10,138.30
31.10,144.40
31.10,144.50
31.10,146.50
31.10,146.60
31.10,147.40
31.10,148.80
31.10,149.20
31.10,149.30
31.20,125.00
31.20,125.10
31.20,128.00
31.20,129.80
31.20,129.90
31.20,131.50
31.20,132.20
31.20,132.30
31.20,133.00
31.20,133.10
31.20,133.20
31.20,133.30
31.20,133.40
31.20,133.50
31.20,133.60
31.20,133.70
31.20,133.80
31.20,133.90
31.20,134.00
31.20,134.60
31.20,134.70
31.20,134.80
31.20,134.90
31.20,135.00
31.20,135.90
31.20,136.00
31.20,137.70
31.20,137.80
31.20,137.90
31.20,144.50
31.20,144.70
31.20,146.60
31.20,146.70
31.20,147.40
31.20,148.80
31.20,148.90
31.20,149.20
31.20,149.30
31.30,125.00
31.30,125.10
31.30,128.00
31.30,128.10
31.30,129.90
31.30,131.50
31.30,131.60
31.30,132.20
31.30,133.00
31.30,133.10
31.30,133.20
31.30,133.40
31.30,133.50
31.30,133.60
31.30,133.80
31.30,133.90
31.30,134.00
31.30,134.30
31.30,134.50
31.30,134.60
31.30,134.70
31.30,135.70
31.30,135.80
31.30,135.90
31.30,136.00
31.30,144.50
31.30,144.60
31.30,144.70
31.30,146.60
31.30,146.70
31.30,146.80
31.30,146.90
31.30,147.40
31.30,147.50
31.30,148.80
31.30,148.90
31.30,149.00
31.30,149.10
31.30,149.20
31.40,124.90
31.40,129.70
31.40,131.50
31.40,131.60
31.40,131.90
31.40,132.00
31.40,132.80
31.40,132.90
31.40,133.00
31.40,133.50
31.40,133.80
31.40,133.90
31.40,134.00
31.40,134.10
31.40,134.30
31.40,134.40
31.40,134.50
31.40,135.70
31.40,135.80
31.40,144.50
31.40,144.60
31.40,145.40
31.40,146.50
31.40,146.60
31.40,146.70
31.40,146.80
31.40,146.90
31.40,147.00
31.40,147.40
31.40,147.50
31.40,148.80
31.40,148.90
31.40,149.00
31.40,149.10
31.40,149.20
31.50,124.90
31.50,125.00
31.50,129.80
31.50,131.60
31.50,132.00
31.50,132.30
31.50,132.40
31.50,132.50
31.50,132.60
31.50,132.70
31.50,132.80
31.50,132.90
31.50,133.50
31.50,133.60
31.50,133.70
31.50,133.80
31.50,133.90
31.50,134.00
31.50,134.10
31.50,134.20
31.50,134.30
31.50,135.70
31.50,135.80
31.50,135.90
31.50,143.20
31.50,144.60
31.50,144.70
31.50,144.80
31.50,144.90
31.50,145.30
31.50,146.90
31.50,147.00
31.50,147.20
31.50,147.30
31.50,147.40
31.50,147.50
31.50,148.80
31.50,148.90
31.50,149.00
31.50,149.10
31.60,125.00
31.60,125.10
31.60,131.90
31.60,132.00
31.60,132.10
31.60,132.20
31.60,132.30
31.60,132.40
31.60,132.50
31.60,132.80
31.60,133.60
31.60,133.80
31.60,133.90
31.60,134.00
31.60,134.10
31.60,135.70
31.60,135.80
31.60,140.60
31.60,144.50
31.60,144.70
31.60,144.80
31.60,144.90
31.60,145.50
31.60,146.90
31.60,147.00
31.60,147.10
31.60,147.20
31.60,147.30
31.60,147.40
31.70,125.00
31.70,125.10
31.70,129.70
31.70,129.80
31.70,131.60
31.70,131.70
31.70,131.90
31.70,132.00
31.70,132.80
31.70,133.60
31.70,133.70
31.70,133.80
31.70,135.70
31.70,135.80
31.70,138.60
31.70,140.50
31.70,140.60
31.70,144.50
31.70,144.60
31.70,145.00
31.70,147.00
31.70,147.10
31.70,147.20
31.80,125.10
31.80,128.70
31.80,129.60
31.80,129.70
31.80,129.80
31.80,131.40
31.80,131.50
31.80,131.70
31.80,131.80
31.80,133.50
31.80,133.60
31.80,135.80
31.80,135.90
31.80,138.40
31.80,138.50
31.80,138.60
31.80,138.70
31.80,138.80
31.80,140.60
31.80,144.00
31.80,144.60
31.80,144.90
31.80,145.00
31.90,125.10
31.90,125.20
31.90,128.60
31.90,128.70
31.90,129.70
31.90,129.80
31.90,130.40
31.90,131.10
31.90,131.20
31.90,131.30
31.90,131.40
31.90,131.50
31.90,131.60
31.90,131.70
31.90,131.80
31.90,132.80
31.90,133.30
31.90,133.40
31.90,135.90
31.90,138.40
31.90,138.50
31.90,138.70
31.90,143.90
31.90,144.60
31.90,145.00
31.90,145.80
32.00,125.20
32.00,128.60
32.00,129.80
32.00,130.30
32.00,130.40
32.00,131.10
32.00,131.20
32.00,131.60
32.00,135.90
32.00,136.00
32.00,138.40
32.00,138.50
32.00,139.90
32.00,140.00
32.00,144.30
32.00,145.00
32.00,145.10
32.00,145.90
32.10,125.20
32.10,125.30
32.10,129.80
32.10,129.90
32.10,131.10
32.10,131.20
32.10,131.60
32.10,131.70
32.10,135.90
32.10,136.00
32.10,136.50
32.10,138.40
32.10,138.50
32.10,138.60
32.10,139.60
32.10,139.80
32.10,139.90
32.10,144.30
32.10,145.10
32.10,145.20
32.10,147.10
32.10,147.50
32.20,125.20
32.20,125.30
32.20,128.70
32.20,128.80
32.20,129.80
32.20,129.90
32.20,130.20
32.20,130.40
32.20,130.50
32.20,136.00
32.20,136.10
32.20,136.20
32.20,138.50
32.20,138.60
32.20,144.00
32.20,144.90
32.20,145.00
32.20,145.10
32.20,145.20
32.20,147.60
32.30,125.30
32.30,125.40
32.30,128.40
32.30,128.50
32.30,128.60
32.30,128.70
32.30,129.90
32.30,130.00
32.30,130.20
32.30,130.30
32.30,130.40
32.30,130.50
32.30,130.60
32.30,131.20
32.30,136.10
32.30,136.20
32.30,136.40
32.30,136.50
32.30,136.60
32.30,138.30
32.30,138.40
32.30,138.50
32.30,138.60
32.30,144.70
32.30,144.80
32.30,144.90
32.30,145.00
32.30,145.90
32.30,147.60
32.30,147.70
32.30,147.80
32.40,125.40
32.40,128.30
32.40,128.40
32.40,128.50
32.40,129.90
32.40,130.00
32.40,130.10
32.40,130.20
32.40,130.30
32.40,130.50
32.40,130.60
32.40,136.20
32.40,136.30
32.40,136.40
32.40,136.50
32.40,136.60
32.40,136.70
32.40,138.20
32.40,138.30
32.40,138.40
32.40,138.50
32.40,138.60
32.40,144.10
32.40,144.60
32.40,144.70
32.40,144.80
32.40,144.90
32.40,147.70
32.40,147.80
32.40,147.90
32.40,148.40
32.40,148.50
32.50,125.40
32.50,130.00
32.50,130.10
32.50,130.20
32.50,130.60
32.50,130.70
32.50,131.20
32.50,136.30
32.50,136.40
32.50,136.60
32.50,136.70
32.50,136.80
32.50,138.20
32.50,138.30
32.50,138.40
32.50,144.60
32.50,144.90
32.50,146.80
32.60,125.50
32.60,130.00
32.60,130.10
32.60,130.20
32.60,130.60
32.60,130.70
32.60,131.20
32.60,136.30
32.60,136.40
32.60,136.50
32.60,136.60
32.60,136.70
32.60,136.80
32.60,138.20
32.60,138.30
32.60,138.50
32.60,138.60
32.60,138.70
32.60,144.80
32.60,145.90
32.70,130.70
32.70,130.80
32.70,131.10
32.70,131.20
32.70,131.30
32.70,136.40
32.70,136.50
32.70,136.60
32.70,136.70
32.70,136.80
32.70,136.90
32.70,138.20
32.70,138.30
32.70,138.40
32.70,138.50
32.70,138.70
32.70,138.80
32.70,144.10
32.70,146.00
32.80,130.70
32.80,130.80
32.80,130.90
32.80,131.00
32.80,131.10
32.80,136.40
32.80,136.50
32.80,136.70
32.80,136.80
32.80,136.90
32.80,137.00
32.80,138.30
32.80,138.40
32.80,138.50
32.80,138.60
32.80,138.70
32.80,138.80
32.80,144.10
32.80,144.90
32.80,146.10
32.90,127.10
32.90,130.70
32.90,130.80
32.90,130.90
32.90,136.50
32.90,136.60
32.90,136.70
32.90,136.80
32.90,136.90
32.90,137.00
32.90,138.50
32.90,138.60
32.90,138.80
32.90,138.90
32.90,144.20
32.90,146.20
32.90,146.40
33.00,136.50
33.00,136.60
33.00,136.70
33.00,136.80
33.00,136.90
33.00,137.00
33.00,137.10
33.00,138.40
33.00,138.50
33.00,138.60
33.00,138.70
33.00,138.80
33.00,138.90
33.00,144.30
33.00,146.40
33.10,125.70
33.10,136.60
33.10,136.70
33.10,136.80
33.10,136.90
33.10,137.00
33.10,137.10
33.10,138.60
33.10,138.70
33.10,138.80
33.10,138.90
33.10,139.00
33.10,143.00
33.10,144.40
33.10,144.90
33.10,145.00
33.10,145.10
33.10,149.40
33.10,149.50
33.20,136.60
33.20,136.70
33.20,136.80
33.20,136.90
33.20,137.00
33.20,137.10
33.20,138.60
33.20,138.70
33.20,138.80
33.20,138.90
33.20,139.00
33.20,139.10
33.20,142.80
33.20,142.90
33.20,143.00
33.20,143.20
33.20,144.80
33.20,144.90
33.20,145.00
33.20,145.10
33.20,145.20
33.20,149.40
33.20,149.50
33.20,149.60
33.30,125.80
33.30,125.90
33.30,136.60
33.30,136.70
33.30,136.80
33.30,136.90
33.30,137.00
33.30,138.60
33.30,138.70
33.30,138.80
33.30,138.90
33.30,139.00
33.30,139.10
33.30,142.90
33.30,144.60
33.30,144.70
33.30,144.80
33.30,144.90
33.30,146.50
33.30,149.50
33.30,149.60
33.30,149.70
33.40,136.60
33.40,136.70
33.40,136.90
33.40,138.60
33.40,138.70
33.40,139.10
33.40,139.20
33.40,139.30
33.40,144.60
33.40,144.70
33.40,144.80
33.40,144.90
33.40,145.00
33.40,145.40
33.40,146.30
33.40,146.40
33.40,146.50
33.40,149.60
33.40,149.70
33.50,136.70
33.50,136.80
33.50,139.00
33.50,139.10
33.50,139.20
33.50,142.80
33.50,144.70
33.50,144.80
33.50,144.90
33.50,145.00
33.50,145.30
33.50,145.40
33.50,145.70
33.50,149.60
33.50,149.70
33.60,136.80
33.60,136.90
33.60,139.20
33.60,139.30
33.60,142.20
33.60,142.80
33.60,142.90
33.60,143.00
33.60,144.80
33.60,144.90
33.60,145.00
33.60,145.50
33.60,145.60
33.60,149.60
33.60,149.70
33.60,149.90
33.70,136.80
33.70,136.90
33.70,139.00
33.70,139.10
33.70,139.20
33.70,139.30
33.70,142.20
33.70,146.90
33.70,149.70
33.70,149.80
33.70,149.90
33.80,136.80
33.80,136.90
33.80,139.10
33.80,139.20
33.80,139.30
33.80,142.20
33.80,142.30
33.80,142.80
33.80,142.90
33.80,143.60
33.80,146.70
33.80,146.80
33.80,149.70
33.80,149.80
33.80,151.00
33.80,151.10
33.90,136.90
33.90,137.00
33.90,139.20
33.90,139.30
33.90,139.40
33.90,142.30
33.90,142.40
33.90,142.80
33.90,142.90
33.90,145.70
33.90,149.70
33.90,149.80
33.90,151.00
33.90,151.10
34.00,136.90
34.00,137.00
34.00,139.20
34.00,139.30
34.00,139.40
34.00,142.30
34.00,142.50
34.00,142.60
34.00,142.70
34.00,142.80
34.00,142.90
34.00,146.90
34.00,149.60
34.00,149.70
34.00,149.80
34.00,150.70
34.00,150.80
34.00,151.00
34.00,151.10
34.00,151.20
34.00,151.30
34.00,151.40
34.10,137.00
34.10,137.10
34.10,139.30
34.10,139.40
34.10,139.50
34.10,142.10
34.10,142.20
34.10,142.30
34.10,142.40
34.10,142.50
34.10,142.60
34.10,142.70
34.10,144.70
34.10,145.80
34.10,146.90
34.10,147.00
34.10,149.70
34.10,149.80
34.10,151.30
34.10,151.40
34.20,137.00
34.20,137.10
34.20,139.30
34.20,139.40
34.20,139.50
34.20,142.10
34.20,147.10
34.20,147.20
34.20,149.70
34.20,149.80
34.20,149.90
34.20,150.40
34.20,150.50
34.30,137.10
34.30,137.20
34.30,139.30
34.30,139.40
34.30,139.50
34.30,141.90
34.30,142.00
34.30,145.90
34.30,147.30
34.30,149.80
34.30,149.90
34.30,150.00
34.30,150.20
34.30,150.30
34.30,150.50
34.40,137.10
34.40,137.20
34.40,139.40
34.40,139.50
34.40,139.60
34.40,141.90
34.40,142.00
34.40,143.80
34.40,150.00
34.40,150.10
34.40,150.20
34.50,137.20
34.50,137.30
34.50,139.40
34.50,139.50
34.50,139.60
34.50,140.10
34.50,142.00
34.50,143.80
34.50,143.90
34.50,145.80
34.50,150.10
34.60,137.20
34.60,137.30
34.60,139.40
34.60,139.50
34.60,139.60
34.60,139.80
34.60,139.90
34.60,140.00
34.60,140.60
34.60,143.90
34.60,145.00
34.60,145.60
34.60,145.80
34.70,137.30
34.70,139.40
34.70,139.50
34.70,139.60
34.70,139.70
34.70,139.80
34.70,139.90
34.70,140.40
34.70,143.90
34.70,144.00
34.70,145.60
34.70,145.70
34.70,145.80
34.70,145.90
34.70,147.30
34.80,137.30
34.80,137.40
34.80,139.50
34.80,139.60
34.80,139.70
34.80,139.80
34.80,139.90
34.80,140.00
34.80,140.20
34.80,140.30
34.80,143.40
34.80,144.00
34.80,144.10
34.80,144.20
34.80,144.30
34.80,145.00
34.80,145.60
34.80,145.70
34.80,145.80
34.80,147.20
34.80,147.30
34.90,137.30
34.90,137.40
34.90,139.50
34.90,139.60
34.90,139.70
34.90,139.80
34.90,139.90
34.90,140.00
34.90,140.10
34.90,143.30
34.90,143.40
34.90,143.80
34.90,144.00
34.90,144.10
34.90,144.20
34.90,144.30
34.90,144.40
34.90,144.80
34.90,144.90
34.90,145.00
34.90,145.10
34.90,145.50
34.90,145.60
34.90,145.70
34.90,146.40
34.90,147.20
34.90,147.30
34.90,149.70
35.00,137.40
35.00,137.50
35.00,139.60
35.00,139.70
35.00,139.80
35.00,140.00
35.00,140.10
35.00,143.40
35.00,143.50
35.00,143.60
35.00,144.20
35.00,144.90
35.00,145.00
35.00,145.10
35.00,145.20
35.00,145.30
35.00,145.40
35.00,145.50
35.00,145.60
35.00,145.70
35.00,145.80
35.00,149.60
35.10,137.40
35.10,137.50
35.10,139.60
35.10,139.70
35.10,139.90
35.10,140.00
35.10,140.10
35.10,145.10
35.10,145.20
35.10,145.30
35.10,145.60
35.10,145.80
35.10,146.00
35.10,146.20
35.10,147.40
35.10,149.50
35.10,149.60
35.10,149.70
35.20,137.50
35.20,137.60
35.20,139.70
35.20,139.80
35.20,140.00
35.20,140.10
35.20,142.90
35.20,143.00
35.20,143.50
35.20,143.60
35.20,143.70
35.20,143.80
35.20,145.10
35.20,145.20
35.20,145.70
35.20,146.10
35.20,146.20
35.20,147.40
35.20,147.50
35.20,149.40
35.20,149.50
35.20,149.70
35.30,137.50
35.30,137.60
35.30,137.70
35.30,139.70
35.30,139.80
35.30,139.90
35.30,140.10
35.30,140.20
35.30,142.90
35.30,143.00
35.30,143.50
35.30,143.60
35.30,143.70
35.30,143.80
35.30,143.90
35.30,144.20
35.30,145.00
35.30,145.10
35.30,145.20
35.30,145.30
35.30,147.30
35.30,147.40
35.30,149.40
35.30,149.50
35.30,149.60
35.40,137.60
35.40,137.70
35.40,137.80
35.40,137.90
35.40,139.80
35.40,139.90
35.40,140.00
35.40,140.10
35.40,140.20
35.40,142.90
35.40,143.00
35.40,143.50
35.40,143.60
35.40,143.70
35.40,143.80
35.40,143.90
35.40,144.00
35.40,144.20
35.40,144.30
35.40,144.90
35.40,145.00
35.40,145.10
35.40,145.20
35.40,145.30
35.40,145.80
35.40,146.10
35.40,147.20
35.40,147.30
35.40,147.50
35.40,149.50
35.40,149.60
35.40,149.90
35.50,137.60
35.50,137.70
35.50,137.80
35.50,137.90
35.50,138.00
35.50,139.80
35.50,139.90
35.50,140.20
35.50,140.30
35.50,140.40
35.50,140.50
35.50,142.90
35.50,143.00
35.50,144.20
35.50,144.30
35.50,144.60
35.50,144.70
35.50,144.80
35.50,144.90
35.50,145.00
35.50,145.20
35.50,145.30
35.50,145.40
35.50,145.60
35.50,145.70
35.50,145.80
35.50,145.90
35.50,146.10
35.50,146.30
35.50,149.60
35.50,149.70
35.50,149.80
35.50,149.90
35.50,150.00
35.60,137.70
35.60,137.80
35.60,137.90
35.60,138.00
35.60,140.30
35.60,140.40
35.60,142.90
35.60,143.00
35.60,144.30
35.60,144.40
35.60,144.50
35.60,144.60
35.60,144.70
35.60,144.80
35.60,144.90
35.60,145.00
35.60,145.10
35.60,145.20
35.60,145.30
35.60,145.40
35.60,145.50
35.60,145.70
35.60,145.80
35.60,145.90
35.60,147.40
35.60,149.60
35.60,149.70
35.60,149.80
35.60,149.90
35.60,150.00
35.70,137.70
35.70,137.80
35.70,137.90
35.70,138.00
35.70,139.90
35.70,140.00
35.70,140.10
35.70,140.20
35.70,140.30
35.70,140.40
35.70,142.90
35.70,143.00
35.70,144.30
35.70,144.40
35.70,144.50
35.70,144.60
35.70,144.70
35.70,144.80
35.70,144.90
35.70,145.00
35.70,145.10
35.70,145.20
35.70,145.30
35.70,145.40
35.70,145.70
35.70,145.80
35.70,145.90
35.70,146.00
35.70,146.40
35.70,146.50
35.70,146.60
35.70,147.20
35.70,147.30
35.70,149.60
35.70,149.70
35.70,150.00
35.80,137.80
35.80,137.90
35.80,140.10
35.80,140.20
35.80,140.30
35.80,140.40
35.80,142.90
35.80,143.00
35.80,144.40
35.80,144.50
35.80,144.70
35.80,144.80
35.80,144.90
35.80,145.00
35.80,145.10
35.80,145.20
35.80,145.30
35.80,145.40
35.80,145.50
35.80,145.60
35.80,145.70
35.80,145.80
35.80,145.90
35.80,146.10
35.80,146.40
35.80,146.50
35.80,147.20
35.80,147.30
35.80,149.70
35.80,149.80
35.80,149.90
35.80,150.00
35.80,150.10
35.90,137.80
35.90,137.90
35.90,138.00
35.90,140.20
35.90,140.30
35.90,140.40
35.90,142.90
35.90,143.00
35.90,144.50
35.90,144.60
35.90,144.70
35.90,144.80
35.90,144.90
35.90,145.30
35.90,145.40
35.90,145.50
35.90,145.60
35.90,145.70
35.90,145.90
35.90,146.00
35.90,146.20
35.90,146.30
35.90,146.40
35.90,146.50
35.90,149.80
35.90,149.90
35.90,150.00
35.90,150.10
35.90,150.20
36.00,137.90
36.00,140.10
36.00,140.20
36.00,142.80
36.00,142.90
36.00,143.00
36.00,144.40
36.00,144.60
36.00,144.70
36.00,144.80
36.00,144.90
36.00,145.00
36.00,145.50
36.00,145.60
36.00,145.70
36.00,146.00
36.00,146.20
36.00,146.30
36.00,146.40
36.00,149.80
36.00,149.90
36.00,150.20
36.10,137.90
36.10,138.00
36.10,138.10
36.10,140.20
36.10,140.30
36.10,142.90
36.10,143.00
36.10,144.30
36.10,144.40
36.10,144.50
36.10,144.60
36.10,144.70
36.10,144.80
36.10,144.90
36.10,145.00
36.10,145.50
36.10,145.60
36.10,145.70
36.10,145.80
36.10,146.10
36.10,146.20
36.10,146.30
36.10,149.90
36.10,150.00
36.10,150.10
36.10,150.20
36.10,150.30
36.20,138.00
36.20,138.10
36.20,138.20
36.20,140.20
36.20,140.30
36.20,143.10
36.20,144.30
36.20,144.60
36.20,144.70
36.20,144.80
36.20,144.90
36.20,145.10
36.20,145.60
36.20,145.70
36.20,145.80
36.20,145.90
36.20,146.00
36.20,146.10
36.20,146.20
36.20,149.90
36.20,150.00
36.20,150.10
36.20,150.20
36.20,150.30
36.20,150.40
36.30,138.00
36.30,138.10
36.30,138.20
36.30,140.30
36.30,140.40
36.30,140.50
36.30,140.60
36.30,143.20
36.30,144.20
36.30,144.30
36.30,144.50
36.30,144.80
36.30,144.90
36.30,145.10
36.30,145.60
36.30,145.70
36.30,145.80
36.30,145.90
36.30,146.00
36.30,146.10
36.30,150.00
36.30,150.10
36.30,150.30
36.30,150.40
36.40,138.10
36.40,138.20
36.40,140.40
36.40,140.50
36.40,140.60
36.40,140.70
36.40,140.80
36.40,143.20
36.40,143.30
36.40,143.40
36.40,144.20
36.40,144.30
36.40,144.40
36.40,144.80
36.40,145.50
36.40,145.60
36.40,145.70
36.40,145.80
36.40,145.90
36.40,146.00
36.40,150.40
36.40,150.50
36.50,138.10
36.50,138.20
36.50,140.60
36.50,140.70
36.50,140.80
36.50,143.40
36.50,143.50
36.50,144.20
36.50,144.30
36.50,144.40
36.50,144.50
36.50,144.70
36.50,144.80
36.50,144.90
36.50,145.00
36.50,145.60
36.50,145.70
36.50,145.80
36.50,145.90
36.50,146.00
36.50,150.50
36.50,150.60
36.60,138.10
36.60,138.20
36.60,140.70
36.60,140.80
36.60,143.20
36.60,143.50
36.60,144.20
36.60,144.30
36.60,144.40
36.60,144.50
36.60,144.70
36.60,144.80
36.60,145.00
36.60,145.10
36.60,145.30
36.60,145.50
36.60,145.60
36.60,145.70
36.60,145.80
36.60,145.90
36.60,150.50
36.60,150.60
36.70,138.20
36.70,138.30
36.70,140.70
36.70,140.80
36.70,143.50
36.70,143.60
36.70,143.80
36.70,144.10
36.70,144.20
36.70,144.30
36.70,144.40
36.70,144.50
36.70,144.60
36.70,144.70
36.70,144.80
36.70,144.90
36.70,145.60
36.70,145.70
36.70,150.60
36.70,150.70
36.80,138.20
36.80,138.30
36.80,140.80
36.80,140.90
36.80,143.30
36.80,143.40
36.80,143.50
36.80,143.60
36.80,144.10
36.80,144.20
36.80,144.30
36.80,144.40
36.80,144.50
36.80,144.60
36.80,144.70
36.80,145.70
36.80,150.60
36.80,150.70
36.90,138.30
36.90,138.40
36.90,140.80
36.90,140.90
36.90,143.30
36.90,143.40
36.90,143.50
36.90,143.60
36.90,143.70
36.90,144.70
36.90,150.70
36.90,150.80
37.00,138.30
37.00,138.40
37.00,140.90
37.00,141.00
37.00,143.10
37.00,143.20
37.00,143.30
37.00,143.40
37.00,143.50
37.00,143.60
37.00,150.70
37.00,150.80
37.00,150.90
37.10,138.40
37.10,140.90
37.10,141.00
37.10,142.90
37.10,143.00
37.10,143.10
37.10,143.20
37.10,143.30
37.10,143.40
37.10,143.50
37.10,150.80
37.10,150.90
37.20,138.40
37.20,138.50
37.20,141.00
37.20,141.10
37.20,142.70
37.20,142.80
37.20,142.90
37.20,143.00
37.20,143.10
37.20,143.20
37.20,150.90
37.20,151.00
37.30,138.50
37.30,141.00
37.30,141.10
37.30,142.60
37.30,142.70
37.30,142.80
37.30,142.90
37.30,143.00
37.30,150.90
37.30,151.00
37.40,138.50
37.40,138.60
37.40,141.10
37.40,141.20
37.40,141.70
37.40,141.80
37.40,141.90
37.40,142.40
37.40,142.50
37.40,142.60
37.40,142.70
37.40,151.00
37.40,151.10
37.50,138.50
37.50,138.60
37.50,141.10
37.50,141.20
37.50,141.70
37.50,141.80
37.50,141.90
37.50,142.00
37.50,142.20
37.50,142.30
37.50,142.40
37.50,142.50
37.50,142.60
37.50,151.00
37.50,151.10
37.50,151.20
37.60,138.60
37.60,138.70
37.60,141.20
37.60,141.30
37.60,141.70
37.60,141.80
37.60,141.90
37.60,142.00
37.60,142.10
37.60,142.20
37.60,142.30
37.60,142.40
37.60,142.50
37.60,142.60
37.60,142.70
37.60,142.80
37.60,151.10
37.60,151.20
37.70,138.70
37.70,141.20
37.70,141.30
37.70,141.70
37.70,141.80
37.70,141.90
37.70,142.00
37.70,142.10
37.70,142.20
37.70,142.40
37.70,142.50
37.70,142.60
37.70,142.70
37.70,151.20
37.70,151.30
37.80,138.70
37.80,138.80
37.80,141.30
37.80,141.40
37.80,141.80
37.80,141.90
37.80,142.00
37.80,142.10
37.80,142.20
37.80,142.30
37.80,142.40
37.80,142.50
37.80,142.60
37.80,151.20
37.80,151.30
37.90,138.70
37.90,138.80
37.90,141.30
37.90,141.40
37.90,141.70
37.90,141.80
37.90,141.90
37.90,142.20
37.90,142.30
37.90,142.40
37.90,151.30
37.90,151.40
38.00,138.80
38.00,138.90
38.00,141.40
38.00,141.50
38.00,141.60
38.00,141.70
38.00,141.80
38.00,141.90
38.00,146.60
38.00,146.70
38.00,151.30
38.00,151.40
38.10,138.80
38.10,138.90
38.10,141.40
38.10,141.50
38.10,141.60
38.10,141.70
38.10,146.40
38.10,146.50
38.10,146.60
38.10,146.70
38.10,151.40
38.10,151.50
38.20,138.90
38.20,139.00
38.20,145.00
38.20,145.10
38.20,146.40
38.20,146.50
38.20,146.60
38.20,146.70
38.20,146.80
38.20,151.50
38.30,138.90
38.30,139.00
38.30,145.00
38.30,145.10
38.30,145.20
38.30,146.20
38.30,146.30
38.30,146.40
38.30,146.60
38.30,146.70
38.30,146.80
38.30,146.90
38.30,147.00
38.30,147.10
38.30,147.30
38.30,151.50
38.30,151.60
38.40,139.00
38.40,139.10
38.40,144.60
38.40,144.70
38.40,145.00
38.40,145.10
38.40,145.30
38.40,146.00
38.40,146.10
38.40,146.20
38.40,146.30
38.40,146.40
38.40,146.50
38.40,146.60
38.40,146.70
38.40,146.80
38.40,147.00
38.40,147.10
38.40,147.20
38.40,147.30
38.40,147.40
38.40,151.60
38.40,151.70
38.50,139.00
38.50,139.10
38.50,144.40
38.50,144.50
38.50,144.70
38.50,145.00
38.50,145.10
38.50,145.20
38.50,145.60
38.50,145.80
38.50,145.90
38.50,146.00
38.50,146.10
38.50,146.20
38.50,146.70
38.50,146.80
38.50,146.90
38.50,147.00
38.50,147.10
38.50,147.20
38.50,147.40
38.50,147.50
38.50,151.60
38.50,151.70
38.60,138.90
38.60,139.00
38.60,139.10
38.60,144.40
38.60,144.50
38.60,144.60
38.60,144.70
38.60,144.80
38.60,144.90
38.60,145.00
38.60,145.10
38.60,145.20
38.60,145.30
38.60,145.40
38.60,145.50
38.60,145.60
38.60,145.70
38.60,145.80
38.60,145.90
38.60,146.00
38.60,147.10
38.60,147.20
38.60,147.30
38.60,147.40
38.60,147.50
38.60,147.60
38.60,151.70
38.60,151.80
38.70,138.80
38.70,138.90
38.70,139.00
38.70,144.10
38.70,144.20
38.70,144.50
38.70,144.70
38.70,144.80
38.70,144.90
38.70,145.10
38.70,145.20
38.70,145.30
38.70,145.40
38.70,145.50
38.70,145.60
38.70,145.70
38.70,145.80
38.70,147.30
38.70,147.40
38.70,147.60
38.70,147.70
38.70,151.70
38.70,151.80
38.80,138.70
38.80,138.80
38.80,138.90
38.80,139.10
38.80,143.90
38.80,144.00
38.80,144.10
38.80,144.20
38.80,144.40
38.80,144.60
38.80,144.80
38.80,144.90
38.80,145.00
38.80,145.10
38.80,145.20
38.80,145.30
38.80,145.40
38.80,145.50
38.80,145.60
38.80,147.40
38.80,147.50
38.80,147.80
38.80,147.90
38.80,148.00
38.80,151.80
38.80,151.90
38.90,138.50
38.90,138.60
38.90,138.70
38.90,143.90
38.90,144.00
38.90,144.10
38.90,144.20
38.90,144.30
38.90,144.40
38.90,144.50
38.90,144.60
38.90,144.70
38.90,144.80
38.90,144.90
38.90,145.00
38.90,145.10
38.90,145.20
38.90,145.30
38.90,145.40
38.90,147.50
38.90,147.60
38.90,147.70
38.90,147.80
38.90,147.90
38.90,148.00
38.90,148.10
38.90,151.90
38.90,152.00
39.00,138.40
39.00,138.50
39.00,138.60
39.00,139.20
39.00,139.30
39.00,139.40
39.00,139.50
39.00,139.60
39.00,143.50
39.00,143.60
39.00,143.70
39.00,143.90
39.00,144.10
39.00,144.20
39.00,144.30
39.00,144.40
39.00,144.50
39.00,144.60
39.00,144.70
39.00,144.80
39.00,144.90
39.00,145.00
39.00,145.10
39.00,145.20
39.00,147.50
39.00,147.60
39.00,147.70
39.00,147.80
39.00,148.10
39.00,148.20
39.00,151.90
39.00,152.00
39.10,138.30
39.10,138.40
39.10,138.50
39.10,139.20
39.10,139.30
39.10,139.40
39.10,139.50
39.10,139.60
39.10,139.70
39.10,143.60
39.10,143.90
39.10,144.00
39.10,144.10
39.10,144.20
39.10,144.30
39.10,144.40
39.10,144.50
39.10,144.60
39.10,144.70
39.10,144.80
39.10,144.90
39.10,145.00
39.10,147.60
39.10,147.70
39.10,148.10
39.10,148.20
39.10,148.30
39.10,152.00
39.10,152.10
39.20,138.20
39.20,138.30
39.20,138.40
39.20,139.20
39.20,139.70
39.20,143.70
39.20,143.80
39.20,143.90
39.20,144.00
39.20,144.10
39.20,144.20
39.20,144.30
39.20,144.40
39.20,144.50
39.20,144.60
39.20,144.70
39.20,144.80
39.20,147.60
39.20,147.70
39.20,147.80
39.20,148.00
39.20,148.10
39.20,152.10
39.30,138.10
39.30,138.20
39.30,138.30
39.30,139.60
39.30,139.70
39.30,143.60
39.30,143.70
39.30,143.80
39.30,143.90
39.30,144.00
39.30,144.10
39.30,144.20
39.30,144.30
39.30,144.40
39.30,144.50
39.30,147.50
39.30,147.60
39.30,147.70
39.30,147.80
39.30,147.90
39.30,148.00
39.30,148.10
39.30,152.10
39.30,152.20
39.40,137.90
39.40,138.00
39.40,138.10
39.40,139.60
39.40,139.70
39.40,143.70
39.40,143.80
39.40,143.90
39.40,144.00
39.40,144.10
39.40,144.20
39.40,144.30
39.40,147.60
39.40,147.70
39.40,148.00
39.40,152.20
39.40,152.30
39.50,137.80
39.50,137.90
39.50,138.00
39.50,139.50
39.50,139.60
39.50,143.50
39.50,143.70
39.50,143.80
39.50,143.90
39.50,144.00
39.50,144.10
39.50,147.50
39.50,147.60
39.50,147.70
39.50,147.80
39.50,147.90
39.50,152.20
39.50,152.30
39.60,137.80
39.60,139.10
39.60,143.30
39.60,143.40
39.60,143.60
39.60,143.70
39.60,143.80
39.60,143.90
39.60,147.50
39.60,147.60
39.60,147.70
39.60,148.00
39.60,152.30
39.60,152.40
39.70,137.70
39.70,137.80
39.70,138.40
39.70,143.10
39.70,143.20
39.70,143.30
39.70,143.50
39.70,143.60
39.70,143.70
39.70,143.80
39.70,147.50
39.70,147.60
39.70,147.70
39.70,148.50
39.70,148.60
39.70,152.30
39.70,152.40
39.80,138.30
39.80,138.40
39.80,138.50
39.80,138.60
39.80,143.10
39.80,143.20
39.80,143.30
39.80,143.40
39.80,143.50
39.80,143.60
39.80,143.80
39.80,147.60
39.80,147.70
39.80,147.80
39.80,148.30
39.80,148.40
39.80,148.50
39.80,148.60
39.80,148.70
39.80,148.80
39.80,149.10
39.80,152.40
39.80,152.50
39.90,138.40
39.90,138.50
39.90,138.60
39.90,138.70
39.90,143.00
39.90,143.10
39.90,143.20
39.90,143.30
39.90,143.40
39.90,143.50
39.90,143.60
39.90,147.70
39.90,147.80
39.90,147.90
39.90,148.10
39.90,148.40
39.90,148.50
39.90,148.60
39.90,148.70
39.90,148.80
39.90,148.90
39.90,149.00
39.90,149.10
39.90,152.50
40.00,136.90
40.00,137.20
40.00,138.60
40.00,138.70
40.00,138.80
40.00,138.90
40.00,143.00
40.00,143.10
40.00,143.30
40.00,143.40
40.00,143.50
40.00,147.90
40.00,148.00
40.00,148.10
40.00,148.30
40.00,148.50
40.00,148.60
40.00,148.70
40.00,148.80
40.00,148.90
40.00,149.00
40.00,152.50
40.00,152.60
40.00,152.70
40.00,152.80
40.00,152.90
40.10,136.90
40.10,138.90
40.10,139.00
40.10,143.00
40.10,143.10
40.10,143.30
40.10,143.40
40.10,148.00
40.10,148.10
40.10,148.20
40.10,148.40
40.10,148.50
40.10,148.60
40.10,148.70
40.10,148.80
40.10,148.90
40.10,152.60
40.10,152.70
40.10,152.80
40.10,152.90
40.10,153.00
40.10,153.10
40.10,153.20
40.10,153.30
40.10,156.10
40.10,156.20
40.20,136.90
40.20,138.80
40.20,138.90
40.20,143.00
40.20,143.10
40.20,143.30
40.20,143.40
40.20,148.10
40.20,148.20
40.20,148.30
40.20,148.40
40.20,148.50
40.20,148.60
40.20,148.80
40.20,148.90
40.20,152.70
40.20,152.80
40.20,153.10
40.20,153.20
40.20,153.30
40.20,153.40
40.20,153.50
40.20,153.60
40.20,153.70
40.20,153.80
40.20,153.90
40.20,155.90
40.20,156.00
40.20,156.10
40.20,156.20
40.20,156.30
40.30,136.90
40.30,138.80
40.30,138.90
40.30,143.00
40.30,143.10
40.30,143.20
40.30,148.20
40.30,148.30
40.30,148.40
40.30,148.50
40.30,148.60
40.30,148.70
40.30,153.60
40.30,153.70
40.30,153.80
40.30,153.90
40.30,154.00
40.30,154.10
40.30,154.20
40.30,154.30
40.30,155.50
40.30,156.00
40.30,156.10
40.30,156.20
40.30,156.30
40.40,136.90
40.40,138.80
40.40,138.90
40.40,143.00
40.40,143.10
40.40,143.20
40.40,148.30
40.40,148.40
40.40,148.50
40.40,148.60
40.40,148.70
40.40,148.80
40.40,154.10
40.40,154.20
40.40,154.30
40.40,154.40
40.40,154.50
40.40,154.60
40.40,154.70
40.40,154.80
40.40,155.40
40.40,155.50
40.40,155.60
40.40,155.80
40.40,155.90
40.40,156.00
40.40,156.10
40.40,156.30
40.40,156.40
40.50,138.70
40.50,138.80
40.50,142.90
40.50,143.00
40.50,143.10
40.50,148.50
40.50,148.60
40.50,148.70
40.50,148.80
40.50,154.60
40.50,154.70
40.50,154.80
40.50,154.90
40.50,155.20
40.50,155.30
40.50,155.40
40.50,155.50
40.50,155.60
40.50,155.90
40.50,156.40
40.50,156.50
40.60,136.60
40.60,136.70
40.60,138.70
40.60,138.80
40.60,142.90
40.60,143.00
40.60,143.10
40.60,148.60
40.60,148.70
40.60,148.80
40.60,148.90
40.60,149.00
40.60,154.80
40.60,154.90
40.60,155.20
40.60,155.30
40.60,155.40
40.60,155.60
40.60,155.70
40.60,156.00
40.60,156.10
40.60,156.40
40.60,156.50
40.70,136.50
40.70,138.70
40.70,138.80
40.70,142.80
40.70,142.90
40.70,143.00
40.70,148.70
40.70,148.80
40.70,148.90
40.70,149.10
40.70,154.80
40.70,154.90
40.70,155.00
40.70,155.10
40.70,155.20
40.70,155.50
40.70,155.60
40.70,155.90
40.70,156.20
40.70,156.50
40.80,142.70
40.80,142.80
40.80,142.90
40.80,143.00
40.80,148.90
40.80,149.00
40.80,149.10
40.80,154.90
40.80,155.00
40.80,155.10
40.80,155.20
40.80,156.40
40.80,156.50
40.80,156.60
40.90,142.70
40.90,142.80
40.90,142.90
40.90,143.00
40.90,149.00
40.90,149.10
40.90,149.20
40.90,155.50
40.90,155.80
40.90,156.30
40.90,156.40
40.90,156.50
40.90,156.60
40.90,156.70
41.00,136.20
41.00,142.70
41.00,142.80
41.00,142.90
41.00,149.10
41.00,149.20
41.00,149.30
41.00,155.30
41.00,155.60
41.00,155.70
41.00,155.80
41.00,156.10
41.00,156.40
41.00,156.50
41.00,156.60
41.00,156.70
41.10,142.70
41.10,142.80
41.10,142.90
41.10,143.00
41.10,149.30
41.10,149.40
41.10,151.60
41.10,155.70
41.10,155.80
41.10,155.90
41.10,156.50
41.10,156.60
41.10,156.70
41.10,156.80
41.20,142.20
41.20,142.90
41.20,143.00
41.20,149.40
41.20,149.50
41.20,149.60
41.20,155.60
41.20,155.80
41.20,155.90
41.20,156.80
41.20,156.90
41.30,142.10
41.30,142.20
41.30,142.30
41.30,143.00
41.30,149.50
41.30,149.60
41.30,149.70
41.30,149.80
41.30,155.70
41.30,155.80
41.30,155.90
41.30,156.80
41.30,156.90
41.40,135.50
41.40,142.30
41.40,143.00
41.40,143.10
41.40,149.60
41.40,149.70
41.40,149.80
41.40,149.90
41.40,155.80
41.40,155.90
41.40,156.00
41.40,156.60
41.40,156.90
41.40,157.00
41.50,135.50
41.50,143.00
41.50,143.10
41.50,149.70
41.50,149.80
41.50,149.90
41.50,155.80
41.50,156.00
41.50,157.00
41.60,135.40
41.60,143.00
41.60,143.10
41.60,149.80
41.60,149.90
41.60,150.00
41.60,155.90
41.60,156.00
41.60,156.10
41.60,156.90
41.60,157.00
41.60,157.10
41.70,135.40
41.70,135.50
41.70,143.00
41.70,143.10
41.70,150.00
41.70,150.10
41.70,156.00
41.70,156.10
41.70,156.20
41.70,156.50
41.70,157.00
41.70,157.10
41.70,157.20
41.80,135.30
41.80,135.40
41.80,135.50
41.80,135.60
41.80,143.10
41.80,143.20
41.80,150.10
41.80,150.20
41.80,150.30
41.80,150.40
41.80,156.00
41.80,156.10
41.80,156.20
41.80,156.30
41.80,156.40
41.80,156.50
41.80,156.60
41.80,157.10
41.80,157.20
41.90,135.60
41.90,143.00
41.90,143.10
41.90,143.20
41.90,150.20
41.90,150.30
41.90,150.40
41.90,150.60
41.90,156.10
41.90,156.20
41.90,156.30
41.90,156.40
41.90,157.20
41.90,157.30
42.00,135.20
42.00,135.60
42.00,135.70
42.00,143.00
42.00,143.10
42.00,143.20
42.00,150.40
42.00,150.50
42.00,150.60
42.00,156.00
42.00,156.10
42.00,156.20
42.00,156.30
42.00,156.40
42.00,156.50
42.00,156.70
42.00,157.10
42.00,157.20
42.00,157.30
42.00,157.40
42.10,142.90
42.10,143.00
42.10,143.10
42.10,143.20
42.10,143.30
42.10,150.50
42.10,150.60
42.10,150.70
42.10,156.20
42.10,156.30
42.10,156.40
42.10,156.50
42.10,156.70
42.10,157.10
42.10,157.30
42.10,157.40
42.20,135.30
42.20,135.40
42.20,142.90
42.20,143.00
42.20,143.10
42.20,143.20
42.20,143.30
42.20,150.60
42.20,150.70
42.20,150.80
42.20,156.20
42.20,156.30
42.20,156.40
42.20,157.30
42.20,157.40
42.30,135.10
42.30,135.30
42.30,135.40
42.30,142.80
42.30,142.90
42.30,143.30
42.30,150.70
42.30,150.80
42.30,150.90
42.30,156.60
42.30,156.90
42.30,157.10
42.30,157.20
42.30,157.30
42.30,157.40
42.40,135.30
42.40,135.40
42.40,143.00
42.40,150.90
42.40,151.00
42.40,151.10
42.40,157.00
42.40,157.10
42.40,157.20
42.50,135.30
42.50,135.40
42.50,142.40
42.50,142.50
42.50,143.40
42.50,151.00
42.50,151.10
42.50,151.20
42.50,157.00
42.50,157.10
42.60,135.00
42.60,135.10
42.60,135.20
42.60,135.30
42.60,142.60
42.60,142.70
42.60,151.20
42.60,151.30
42.60,155.20
42.60,155.30
42.60,155.40
42.60,157.00
42.60,157.10
42.60,157.20
42.70,135.00
42.70,135.10
42.70,142.50
42.70,142.60
42.70,142.70
42.70,151.30
42.70,151.40
42.70,151.50
42.70,157.10
42.70,157.20
42.80,135.00
42.80,151.40
42.80,151.50
42.80,151.60
42.80,155.40
42.80,155.50
42.80,157.20
42.80,157.30
42.90,134.70
42.90,135.10
42.90,151.50
42.90,151.60
42.90,151.70
42.90,151.80
42.90,155.40
42.90,157.20
42.90,157.30
42.90,157.40
43.00,134.70
43.00,134.80
43.00,134.90
43.00,135.00
43.00,135.10
43.00,135.20
43.00,151.70
43.00,151.80
43.00,155.70
43.00,157.30
43.00,157.40
43.00,157.80
43.00,157.90
43.10,134.50
43.10,134.60
43.10,134.70
43.10,134.80
43.10,134.90
43.10,135.00
43.10,135.10
43.10,135.20
43.10,135.30
43.10,151.60
43.10,151.70
43.10,155.70
43.10,155.80
43.10,155.90
43.10,157.30
43.10,157.40
43.10,157.70
43.10,157.80
43.10,157.90
43.10,158.00
43.20,134.50
43.20,134.60
43.20,135.20
43.20,143.10
43.20,143.20
43.20,151.70
43.20,151.80
43.20,155.80
43.20,155.90
43.20,156.00
43.20,157.40
43.20,157.50
43.20,157.60
43.20,157.70
43.20,157.80
43.20,157.90
43.20,158.00
43.20,158.10
43.30,135.10
43.30,135.20
43.30,151.70
43.30,151.80
43.30,155.90
43.30,157.50
43.30,157.60
43.30,157.70
43.30,157.80
43.30,158.00
43.30,158.10
43.40,134.90
43.40,135.00
43.40,143.10
43.40,143.30
43.40,151.60
43.40,151.70
43.40,157.80
43.40,157.90
43.40,158.00
43.40,158.10
43.40,158.20
43.50,134.70
43.50,134.80
43.50,134.90
43.50,143.20
43.50,151.50
43.50,151.60
43.50,151.70
43.50,157.70
43.50,158.10
43.50,158.20
43.60,134.80
43.60,134.90
43.60,143.40
43.60,143.50
43.60,143.60
43.60,151.40
43.60,151.50
43.60,151.60
43.60,156.00
43.60,157.80
43.60,158.10
43.60,158.20
43.60,158.30
43.70,134.90
43.70,135.00
43.70,143.60
43.70,143.70
43.70,143.80
43.70,151.30
43.70,151.40
43.70,151.50
43.70,156.00
43.70,156.10
43.70,157.80
43.70,157.90
43.70,158.10
43.70,158.20
43.70,158.30
43.70,158.40
43.80,134.90
43.80,135.00
43.80,135.10
43.80,143.60
43.80,143.70
43.80,143.80
43.80,151.30
43.80,151.40
43.80,151.70
43.80,156.10
43.80,156.40
43.80,157.40
43.80,157.70
43.80,157.80
43.80,157.90
43.80,158.00
43.80,158.10
43.80,158.20
43.80,158.30
43.80,158.40
43.90,135.00
43.90,135.10
43.90,135.20
43.90,151.20
43.90,151.30
43.90,151.40
43.90,156.10
43.90,156.20
43.90,157.60
43.90,157.70
43.90,158.00
43.90,158.10
43.90,158.30
43.90,158.40
43.90,158.50
44.00,135.10
44.00,135.20
44.00,151.10
44.00,151.20
44.00,151.30
44.00,157.60
44.00,157.70
44.00,157.80
44.00,157.90
44.00,158.00
44.00,158.20
44.00,158.30
44.00,158.40
44.00,158.50
44.10,135.20
44.10,135.30
44.10,135.40
44.10,151.00
44.10,151.10
44.10,151.20
44.10,152.30
44.10,152.40
44.10,152.50
44.10,156.50
44.10,156.60
44.10,156.80
44.10,157.60
44.10,157.70
44.10,157.80
44.10,157.90
44.10,158.00
44.10,158.20
44.10,158.30
44.10,158.40
44.10,158.50
44.10,158.60
44.20,135.30
44.20,135.40
44.20,151.00
44.20,151.10
44.20,151.60
44.20,152.00
44.20,152.40
44.20,152.50
44.20,152.60
44.20,152.70
44.20,152.80
44.20,156.70
44.20,157.50
44.20,157.70
44.20,157.80
44.20,157.90
44.20,158.20
44.20,158.40
44.20,158.50
44.20,158.60
44.30,135.40
44.30,135.50
44.30,139.80
44.30,139.90
44.30,150.90
44.30,151.00
44.30,152.70
44.30,152.80
44.30,152.90
44.30,153.00
44.30,156.70
44.30,157.50
44.30,157.80
44.30,158.20
44.30,158.40
44.30,158.50
44.30,158.60
44.30,158.70
44.40,135.50
44.40,135.60
44.40,139.70
44.40,139.80
44.40,139.90
44.40,140.00
44.40,140.10
44.40,150.80
44.40,150.90
44.40,152.90
44.40,153.00
44.40,153.10
44.40,157.70
44.40,158.30
44.40,158.40
44.40,158.50
44.40,158.60
44.40,158.70
44.40,158.80
44.50,135.60
44.50,135.70
44.50,138.10
44.50,138.20
44.50,138.30
44.50,139.70
44.50,139.80
44.50,140.00
44.50,140.10
44.50,140.20
44.50,140.30
44.50,150.70
44.50,150.80
44.50,150.90
44.50,153.10
44.50,153.20
44.50,153.30
44.50,157.60
44.50,158.10
44.50,158.20
44.50,158.30
44.50,158.40
44.50,158.50
44.50,158.60
44.50,158.70
44.50,158.80
44.60,135.60
44.60,135.70
44.60,135.80
44.60,138.00
44.60,138.20
44.60,138.30
44.60,138.40
44.60,138.50
44.60,138.60
44.60,139.50
44.60,139.60
44.60,139.70
44.60,140.00
44.60,140.20
44.60,140.30
44.60,140.40
44.60,150.60
44.60,150.70
44.60,150.80
44.60,150.90
44.60,153.20
44.60,153.30
44.60,153.40
44.60,156.80
44.60,156.90
44.60,157.60
44.60,157.70
44.60,158.10
44.60,158.20
44.60,158.40
44.60,158.50
44.60,158.60
44.60,158.70
44.60,158.80
44.60,158.90
44.70,135.70
44.70,135.80
44.70,138.00
44.70,138.50
44.70,138.60
44.70,138.70
44.70,139.40
44.70,139.50
44.70,139.60
44.70,139.70
44.70,140.40
44.70,140.50
44.70,150.60
44.70,150.70
44.70,153.30
44.70,153.40
44.70,153.50
44.70,156.80
44.70,157.60
44.70,157.70
44.70,157.80
44.70,157.90
44.70,158.00
44.70,158.10
44.70,158.20
44.70,158.30
44.70,158.60
44.70,158.70
44.70,158.80
44.70,158.90
44.80,135.80
44.80,135.90
44.80,138.70
44.80,139.30
44.80,139.40
44.80,139.50
44.80,139.60
44.80,140.50
44.80,140.60
44.80,150.50
44.80,150.60
44.80,150.70
44.80,150.90
44.80,153.40
44.80,153.50
44.80,153.60
44.80,156.80
44.80,156.90
44.80,157.00
44.80,157.80
44.80,157.90
44.80,158.10
44.80,158.50
44.80,158.60
44.80,158.70
44.80,158.80
44.80,158.90
44.80,159.00
44.90,135.90
44.90,136.00
44.90,139.30
44.90,139.40
44.90,139.50
44.90,140.60
44.90,140.70
44.90,150.30
44.90,150.40
44.90,150.50
44.90,150.60
44.90,153.50
44.90,157.00
44.90,157.70
44.90,157.80
44.90,157.90
44.90,158.20
44.90,158.40
44.90,158.50
44.90,158.60
44.90,158.70
44.90,158.80
44.90,158.90
44.90,159.00
45.00,136.00
45.00,136.10
45.00,138.60
45.00,138.70
45.00,139.20
45.00,139.30
45.00,139.40
45.00,140.70
45.00,140.80
45.00,150.30
45.00,150.40
45.00,150.50
45.00,151.70
45.00,157.00
45.00,157.20
45.00,157.90
45.00,158.00
45.00,158.40
45.00,158.50
45.00,158.60
45.00,158.80
45.00,158.90
45.00,159.00
45.00,159.10
45.00,159.20
45.10,136.10
45.10,136.20
45.10,138.70
45.10,139.10
45.10,139.20
45.10,139.30
45.10,140.80
45.10,140.90
45.10,150.30
45.10,150.40
45.10,151.60
45.10,151.70
45.10,151.80
45.10,153.90
45.10,154.00
45.10,157.40
45.10,158.00
45.10,158.20
45.10,158.70
45.10,158.80
45.10,159.00
45.10,159.10
45.10,159.20
45.20,136.20
45.20,136.30
45.20,138.60
45.20,138.70
45.20,139.00
45.20,139.10
45.20,139.20
45.20,140.90
45.20,141.00
45.20,150.30
45.20,150.40
45.20,151.50
45.20,151.80
45.20,152.10
45.20,152.20
45.20,152.50
45.20,153.00
45.20,153.70
45.20,153.90
45.20,154.00
45.20,157.50
45.20,157.60
45.20,157.70
45.20,158.20
45.20,158.30
45.20,158.40
45.20,158.60
45.20,158.90
45.20,159.00
45.20,159.10
45.20,159.20
45.30,136.20
45.30,136.30
45.30,136.40
45.30,139.00
45.30,139.10
45.30,139.50
45.30,141.00
45.30,141.10
45.30,141.20
45.30,150.40
45.30,150.50
45.30,150.60
45.30,152.00
45.30,152.10
45.30,152.20
45.30,152.30
45.30,152.50
45.30,152.90
45.30,153.00
45.30,153.60
45.30,153.70
45.30,153.80
45.30,154.00
45.30,157.60
45.30,158.20
45.30,158.30
45.30,158.40
45.30,158.50
45.30,158.60
45.30,158.70
45.30,159.00
45.30,159.10
45.30,159.20
45.40,136.30
45.40,136.40
45.40,138.90
45.40,139.00
45.40,141.10
45.40,141.20
45.40,141.30
45.40,150.50
45.40,150.60
45.40,152.00
45.40,152.10
45.40,152.20
45.40,152.30
45.40,152.90
45.40,153.00
45.40,153.70
45.40,157.70
45.40,158.40
45.40,158.50
45.40,158.60
45.40,158.80
45.40,158.90
45.40,159.00
45.40,159.10
45.40,159.20
45.50,136.40
45.50,136.50
45.50,138.80
45.50,138.90
45.50,141.20
45.50,141.30
45.50,141.40
45.50,150.50
45.50,150.60
45.50,151.90
45.50,152.10
45.50,152.20
45.50,152.30
45.50,158.70
45.50,158.80
45.50,158.90
45.60,136.50
45.60,136.60
45.60,138.70
45.60,138.80
45.60,138.90
45.60,141.30
45.60,141.40
45.60,141.50
45.60,150.50
45.60,150.60
45.60,152.10
45.60,152.20
45.60,152.30
45.60,157.80
45.60,158.80
45.60,158.90
45.70,136.60
45.70,138.70
45.70,141.40
45.70,141.50
45.70,141.60
45.70,150.30
45.70,150.40
45.70,150.50
45.70,152.20
45.70,152.30
45.70,154.80
45.70,157.80
45.70,158.80
45.70,158.90
45.70,159.30
45.70,159.40
45.80,136.50
45.80,136.60
45.80,141.50
45.80,141.60
45.80,141.70
45.80,141.90
45.80,150.40
45.80,152.20
45.80,152.30
45.80,154.10
45.80,154.20
45.80,154.60
45.80,154.70
45.80,154.80
45.80,154.90
45.80,157.80
45.80,158.00
45.80,158.90
45.80,159.00
45.80,159.20
45.80,159.30
45.80,159.40
45.90,136.40
45.90,136.50
45.90,141.50
45.90,141.60
45.90,141.70
45.90,141.80
45.90,141.90
45.90,142.00
45.90,142.10
45.90,142.20
45.90,150.40
45.90,150.50
45.90,150.60
45.90,152.10
45.90,152.20
45.90,152.30
45.90,152.40
45.90,152.50
45.90,152.60
45.90,152.70
45.90,153.20
45.90,154.10
45.90,154.20
45.90,154.80
45.90,154.90
45.90,158.00
45.90,159.00
45.90,159.10
45.90,159.20
45.90,159.30
46.00,136.40
46.00,136.50
46.00,141.70
46.00,141.80
46.00,141.90
46.00,142.00
46.00,142.10
46.00,142.20
46.00,142.30
46.00,150.50
46.00,150.60
46.00,150.70
46.00,152.00
46.00,152.10
46.00,152.20
46.00,152.40
46.00,152.50
46.00,152.60
46.00,152.70
46.00,152.90
46.00,153.00
46.00,153.10
46.00,153.20
46.00,153.30
46.00,153.50
46.00,159.10
46.00,159.20
46.00,159.30
46.10,136.40
46.10,141.80
46.10,142.00
46.10,142.20
46.10,142.30
46.10,142.40
46.10,150.60
46.10,150.70
46.10,150.80
46.10,152.60
46.10,152.70
46.10,152.80
46.10,152.90
46.10,153.00
46.10,153.20
46.10,153.50
46.10,153.60
46.10,159.20
46.10,159.30
46.10,159.40
46.10,159.70
46.20,136.40
46.20,136.50
46.20,138.30
46.20,138.40
46.20,142.30
46.20,142.40
46.20,142.50
46.20,150.70
46.20,150.80
46.20,150.90
46.20,151.00
46.20,152.30
46.20,152.40
46.20,152.50
46.20,152.70
46.20,152.80
46.20,152.90
46.20,153.50
46.20,158.60
46.20,159.40
46.20,159.50
46.20,159.60
46.20,159.70
46.20,159.80
46.30,136.50
46.30,136.60
46.30,138.30
46.30,138.40
46.30,142.40
46.30,142.50
46.30,142.60
46.30,150.90
46.30,151.00
46.30,151.90
46.30,152.00
46.30,152.20
46.30,152.30
46.30,152.40
46.30,152.60
46.30,155.60
46.30,155.80
46.30,155.90
46.30,158.70
46.30,159.40
46.30,159.50
46.30,159.60
46.30,159.80
46.40,136.50
46.40,136.60
46.40,138.20
46.40,138.40
46.40,138.50
46.40,142.50
46.40,142.60
46.40,142.70
46.40,151.00
46.40,151.10
46.40,151.20
46.40,151.30
46.40,151.40
46.40,151.80
46.40,152.10
46.40,152.20
46.40,152.30
46.40,155.60
46.40,155.70
46.40,155.80
46.40,155.90
46.40,159.40
46.40,159.50
46.40,159.60
46.40,159.80
46.40,159.90
46.50,136.40
46.50,136.70
46.50,138.40
46.50,138.50
46.50,142.60
46.50,142.70
46.50,142.80
46.50,151.20
46.50,151.30
46.50,151.40
46.50,151.50
46.50,151.60
46.50,151.70
46.50,151.80
46.50,151.90
46.50,152.00
46.50,152.10
46.50,152.20
46.50,152.50
46.50,153.80
46.50,155.30
46.50,155.50
46.50,155.60
46.50,155.70
46.50,155.90
46.50,156.00
46.50,159.50
46.50,159.80
46.50,159.90
46.50,160.00
46.60,136.60
46.60,136.70
46.60,136.80
46.60,142.70
46.60,142.80
46.60,142.90
46.60,143.00
46.60,151.30
46.60,151.40
46.60,151.60
46.60,151.70
46.60,152.00
46.60,152.10
46.60,153.80
46.60,153.90
46.60,154.00
46.60,155.50
46.60,155.60
46.60,156.00
46.60,156.10
46.60,158.80
46.60,158.90
46.60,159.50
46.60,159.60
46.60,159.70
46.60,159.80
46.60,159.90
46.60,160.00
46.70,142.80
46.70,142.90
46.70,143.00
46.70,143.10
46.70,151.40
46.70,151.50
46.70,151.60
46.70,151.90
46.70,152.00
46.70,153.70
46.70,153.80
46.70,153.90
46.70,154.00
46.70,155.30
46.70,155.40
46.70,155.50
46.70,155.90
46.70,156.00
46.70,158.80
46.70,159.50
46.70,159.60
46.70,159.70
46.70,159.80
46.70,159.90
46.70,160.00
46.70,160.10
46.80,136.40
46.80,136.50
46.80,136.60
46.80,143.00
46.80,143.10
46.80,143.20
46.80,151.90
46.80,152.00
46.80,153.70
46.80,153.80
46.80,153.90
46.80,154.00
46.80,155.30
46.80,155.40
46.80,155.50
46.80,155.80
46.80,155.90
46.80,159.00
46.80,159.10
46.80,159.90
46.80,160.00
46.80,160.10
46.80,160.20
46.90,136.30
46.90,136.40
46.90,136.50
46.90,143.10
46.90,143.20
46.90,143.30
46.90,152.00
46.90,152.10
46.90,153.70
46.90,153.90
46.90,155.30
46.90,155.40
46.90,155.70
46.90,155.80
46.90,155.90
46.90,159.00
46.90,159.40
46.90,160.00
46.90,160.10
46.90,160.20
47.00,136.20
47.00,136.30
47.00,136.40
47.00,143.10
47.00,143.20
47.00,143.30
47.00,143.40
47.00,143.50
47.00,152.00
47.00,152.10
47.00,155.20
47.00,155.30
47.00,155.70
47.00,155.80
47.00,159.70
47.00,160.10
47.00,160.20
47.00,160.30
47.10,143.20
47.10,143.30
47.10,143.40
47.10,143.50
47.10,152.10
47.10,152.20
47.10,152.30
47.10,155.10
47.10,155.20
47.10,155.60
47.10,155.70
47.10,159.60
47.10,160.00
47.10,160.10
47.10,160.20
47.10,160.30
47.20,152.20
47.20,152.30
47.20,152.40
47.20,155.00
47.20,155.10
47.20,155.50
47.20,155.60
47.20,160.00
47.20,160.10
47.20,160.20
47.20,160.30
47.20,160.40
47.30,139.30
47.30,152.40
47.30,152.50
47.30,155.00
47.30,155.10
47.30,155.40
47.30,155.50
47.30,159.90
47.30,160.00
47.30,160.10
47.30,160.20
47.30,160.30
47.30,160.40
47.30,160.50
47.40,152.50
47.40,152.60
47.40,152.70
47.40,154.80
47.40,154.90
47.40,155.00
47.40,155.30
47.40,155.40
47.40,159.70
47.40,159.90
47.40,160.00
47.40,160.10
47.40,160.20
47.40,160.30
47.40,160.40
47.40,160.50
47.50,152.60
47.50,152.70
47.50,154.80
47.50,154.90
47.50,155.30
47.50,155.40
47.50,159.70
47.50,159.80
47.50,159.90
47.50,160.00
47.50,160.10
47.50,160.30
47.50,160.40
47.50,160.50
47.50,160.60
47.60,152.70
47.60,152.80
47.60,152.90
47.60,153.10
47.60,154.70
47.60,154.80
47.60,155.20
47.60,155.30
47.60,159.80
47.60,159.90
47.60,160.00
47.60,160.10
47.60,160.30
47.60,160.40
47.60,160.50
47.60,160.60
47.70,152.80
47.70,152.90
47.70,153.00
47.70,154.60
47.70,154.70
47.70,154.80
47.70,155.10
47.70,155.20
47.70,157.40
47.70,157.50
47.70,157.60
47.70,159.80
47.70,159.90
47.70,160.00
47.70,160.10
47.70,160.30
47.70,160.40
47.70,160.50
47.70,160.60
47.70,160.70
47.80,153.00
47.80,153.10
47.80,154.50
47.80,154.60
47.80,154.70
47.80,155.00
47.80,155.10
47.80,157.40
47.80,157.50
47.80,157.60
47.80,160.00
47.80,160.10
47.80,160.30
47.80,160.60
47.80,160.70
47.90,153.10
47.90,153.20
47.90,154.50
47.90,154.60
47.90,154.90
47.90,155.00
47.90,157.30
47.90,157.40
47.90,157.60
47.90,157.70
47.90,160.00
47.90,160.70
47.90,160.80
48.00,153.20
48.00,153.30
48.00,153.40
48.00,154.40
48.00,154.50
48.00,154.60
48.00,154.80
48.00,154.90
48.00,155.00
48.00,157.20
48.00,157.30
48.00,157.60
48.00,157.70
48.00,160.00
48.00,160.10
48.00,160.20
48.00,160.70
48.00,160.80
48.00,160.90
48.10,153.30
48.10,153.40
48.10,153.50
48.10,154.00
48.10,154.10
48.10,154.30
48.10,154.40
48.10,154.80
48.10,154.90
48.10,157.10
48.10,157.20
48.10,157.50
48.10,157.60
48.10,157.80
48.10,160.10
48.10,160.80
48.10,160.90
48.10,161.00
48.20,153.50
48.20,153.60
48.20,153.70
48.20,153.90
48.20,154.00
48.20,154.10
48.20,154.20
48.20,154.30
48.20,154.40
48.20,154.70
48.20,154.80
48.20,157.00
48.20,157.10
48.20,157.50
48.20,157.60
48.20,157.90
48.20,160.90
48.20,161.00
48.20,161.10
48.30,153.60
48.30,153.70
48.30,153.80
48.30,153.90
48.30,154.20
48.30,154.30
48.30,154.60
48.30,154.70
48.30,157.00
48.30,157.10
48.30,157.40
48.30,157.50
48.30,157.60
48.30,160.00
48.30,160.10
48.30,161.10
48.30,161.20
48.30,161.30
48.40,153.70
48.40,153.80
48.40,153.90
48.40,154.60
48.40,154.70
48.40,154.80
48.40,156.90
48.40,157.00
48.40,157.30
48.40,157.40
48.40,157.70
48.40,159.90
48.40,160.00
48.40,161.20
48.40,161.30
48.40,161.40
48.50,154.60
48.50,154.70
48.50,156.80
48.50,156.90
48.50,157.30
48.50,157.40
48.50,157.50
48.50,157.60
48.50,157.90
48.50,158.10
48.50,161.30
48.50,161.40
48.50,161.50
48.60,154.50
48.60,154.60
48.60,154.70
48.60,154.90
48.60,155.00
48.60,156.70
48.60,156.80
48.60,156.90
48.60,157.30
48.60,157.40
48.60,157.50
48.60,157.80
48.60,158.10
48.60,161.40
48.60,161.50
48.60,161.60
48.70,154.30
48.70,154.40
48.70,154.50
48.70,154.80
48.70,154.90
48.70,155.00
48.70,155.10
48.70,155.20
48.70,156.70
48.70,156.80
48.70,157.40
48.70,157.50
48.70,157.60
48.70,157.70
48.70,158.10
48.70,158.20
48.70,158.30
48.70,161.50
48.70,161.60
48.70,161.70
48.80,154.20
48.80,154.30
48.80,155.00
48.80,155.10
48.80,156.60
48.80,156.70
48.80,157.30
48.80,157.40
48.80,157.50
48.80,158.00
48.80,158.10
48.80,158.20
48.80,158.30
48.80,158.40
48.80,161.70
48.80,161.80
48.80,161.90
48.90,154.20
48.90,154.30
48.90,155.00
48.90,155.10
48.90,155.20
48.90,156.50
48.90,156.60
48.90,157.30
48.90,157.40
48.90,157.50
48.90,158.00
48.90,158.10
48.90,158.30
48.90,158.40
48.90,161.80
48.90,161.90
48.90,162.00
49.00,155.10
49.00,155.20
49.00,155.30
49.00,155.60
49.00,156.40
49.00,156.50
49.00,157.30
49.00,157.40
49.00,157.50
49.00,157.90
49.00,158.00
49.00,158.20
49.00,158.30
49.00,158.40
49.00,161.90
49.00,162.00
49.00,162.10
49.10,155.30
49.10,155.40
49.10,156.40
49.10,157.40
49.10,157.50
49.10,157.60
49.10,157.90
49.10,158.00
49.10,158.10
49.10,158.20
49.10,158.30
49.10,158.50
49.10,162.00
49.10,162.10
49.10,162.20
49.10,162.30
49.20,155.40
49.20,155.50
49.20,155.60
49.20,155.70
49.20,155.80
49.20,156.20
49.20,156.30
49.20,156.40
49.20,157.60
49.20,157.70
49.20,157.80
49.20,157.90
49.20,158.00
49.20,158.10
49.20,158.40
49.20,158.60
49.20,162.20
49.20,162.30
49.20,162.40
49.30,155.50
49.30,155.60
49.30,155.70
49.30,155.80
49.30,156.20
49.30,156.30
49.30,157.70
49.30,157.80
49.30,157.90
49.30,158.00
49.30,158.10
49.30,158.20
49.30,158.30
49.30,158.40
49.30,158.50
49.30,158.60
49.30,158.70
49.30,158.80
49.30,162.30
49.30,162.40
49.30,162.50
49.40,155.70
49.40,155.80
49.40,156.10
49.40,156.20
49.40,157.80
49.40,157.90
49.40,158.20
49.40,158.30
49.40,158.50
49.40,158.60
49.40,158.70
49.40,158.80
49.40,158.90
49.40,162.40
49.40,162.50
49.40,162.60
49.50,155.80
49.50,155.90
49.50,156.00
49.50,156.10
49.50,158.10
49.50,158.20
49.50,158.30
49.50,158.40
49.50,158.50
49.50,158.60
49.50,158.90
49.50,159.00
49.50,159.30
49.50,159.40
49.50,159.50
49.50,162.60
49.50,162.70
49.50,162.80
49.60,155.80
49.60,155.90
49.60,158.10
49.60,158.20
49.60,158.30
49.60,158.40
49.60,159.00
49.60,159.10
49.60,159.20
49.60,159.30
49.60,159.40
49.60,159.50
49.60,159.60
49.60,159.70
49.60,162.70
49.60,162.80
49.60,162.90
49.70,155.70
49.70,158.20
49.70,158.30
49.70,159.10
49.70,159.20
49.70,159.30
49.70,159.60
49.70,159.70
49.70,159.80
49.70,162.80
49.70,162.90
49.70,163.00
49.80,155.70
49.80,155.80
49.80,155.90
49.80,159.20
49.80,159.70
49.80,159.80
49.80,159.90
49.80,160.00
49.80,162.90
49.80,163.00
49.80,163.10
49.90,155.60
49.90,155.70
49.90,155.80
49.90,159.00
49.90,159.80
49.90,159.90
49.90,160.00
49.90,160.10
49.90,160.20
49.90,160.30
49.90,162.90
49.90,163.00
49.90,163.10
49.90,163.20
50.00,155.60
50.00,155.70
50.00,159.00
50.00,159.90
50.00,160.00
50.00,160.10
50.00,160.20
50.00,160.30
50.00,160.40
50.00,162.90
50.00,163.00
50.00,163.10
50.00,163.20
50.00,163.30
50.00,163.40
50.00,163.60
50.00,168.60
50.10,155.60
50.10,155.70
50.10,160.00
50.10,160.10
50.10,160.20
50.10,160.30
50.10,160.40
50.10,163.00
50.10,163.10
50.10,163.20
50.10,163.30
50.10,163.40
50.10,163.50
50.10,163.60
50.20,155.50
50.20,155.60
50.20,159.90
50.20,160.00
50.20,160.10
50.20,160.20
50.20,160.30
50.20,160.40
50.20,163.20
50.20,163.30
50.20,163.40
50.20,163.50
50.30,155.40
50.30,155.50
50.30,159.90
50.30,160.00
50.30,160.10
50.30,160.20
50.30,160.70
50.30,163.20
50.30,163.30
50.30,163.40
50.30,163.50
50.30,163.70
50.30,163.80
50.40,155.40
50.40,159.80
50.40,160.00
50.40,160.10
50.40,160.20
50.40,160.40
50.40,160.80
50.40,163.30
50.40,163.40
50.40,163.50
50.40,163.60
50.40,163.70
50.40,163.80
50.40,163.90
50.50,155.30
50.50,159.60
50.50,159.70
50.50,159.80
50.50,159.90
50.50,160.00
50.50,160.10
50.50,160.20
50.50,160.40
50.50,160.50
50.50,160.70
50.50,161.20
50.50,163.50
50.50,163.60
50.50,163.80
50.50,163.90
50.50,164.00
50.50,164.10
50.60,155.20
50.60,155.30
50.60,159.60
50.60,159.70
50.60,159.90
50.60,160.00
50.60,160.10
50.60,160.20
50.60,161.00
50.60,161.10
50.60,161.20
50.60,163.90
50.60,164.00
50.60,164.10
50.60,164.20
50.60,164.30
50.60,164.40
50.70,153.50
50.70,155.10
50.70,155.20
50.70,159.50
50.70,159.90
50.70,160.00
50.70,161.00
50.70,161.10
50.70,161.20
50.70,161.30
50.70,164.20
50.70,164.30
50.70,164.40
50.70,164.50
50.80,153.40
50.80,153.50
50.80,153.60
50.80,153.70
50.80,155.00
50.80,155.10
50.80,159.90
50.80,160.00
50.80,161.00
50.80,161.10
50.80,161.20
50.80,161.30
50.80,161.40
50.80,164.40
50.80,164.50
50.80,164.60
50.80,164.70
50.90,153.80
50.90,154.00
50.90,154.10
50.90,155.00
50.90,159.80
50.90,159.90
50.90,161.00
50.90,161.30
50.90,161.40
50.90,161.50
50.90,161.70
50.90,161.80
50.90,164.50
50.90,164.60
50.90,164.70
50.90,164.80
50.90,173.30
51.00,153.30
51.00,153.80
51.00,154.80
51.00,154.90
51.00,155.00
51.00,159.70
51.00,159.80
51.00,160.90
51.00,161.20
51.00,161.40
51.00,161.50
51.00,161.60
51.00,161.70
51.00,161.80
51.00,161.90
51.00,164.60
51.00,164.70
51.00,164.80
51.00,164.90
51.00,172.90
51.10,153.20
51.10,153.90
51.10,154.00
51.10,154.30
51.10,154.80
51.10,154.90
51.10,159.50
51.10,161.50
51.10,161.60
51.10,161.70
51.10,161.80
51.10,161.90
51.10,162.00
51.10,164.70
51.10,164.80
51.10,172.80
51.20,150.60
51.20,154.10
51.20,154.70
51.20,154.80
51.20,159.40
51.20,159.50
51.20,160.50
51.20,160.60
51.20,160.70
51.20,161.30
51.20,161.70
51.20,161.80
51.20,161.90
51.20,162.00
51.20,162.10
51.20,164.70
51.20,164.80
51.30,153.10
51.30,154.20
51.30,154.30
51.30,154.60
51.30,154.70
51.30,154.80
51.30,159.30
51.30,159.40
51.30,159.50
51.30,160.40
51.30,160.50
51.30,160.60
51.30,160.70
51.30,160.80
51.30,160.90
51.30,161.40
51.30,162.00
51.30,162.10
51.30,162.20
51.30,162.30
51.30,162.40
51.30,162.50
51.30,164.60
51.30,164.70
51.30,164.80
51.30,172.80
51.40,153.00
51.40,154.30
51.40,154.40
51.40,154.50
51.40,154.60
51.40,159.30
51.40,159.40
51.40,159.50
51.40,160.40
51.40,160.50
51.40,160.60
51.40,160.70
51.40,160.80
51.40,160.90
51.40,161.20
51.40,161.30
51.40,161.40
51.40,161.50
51.40,162.20
51.40,162.30
51.40,162.40
51.40,162.50
51.40,162.60
51.40,164.60
51.40,164.70
51.40,164.80
51.50,150.30
51.50,152.80
51.50,154.40
51.50,154.50
51.50,154.60
51.50,159.30
51.50,159.40
51.50,160.30
51.50,160.40
51.50,160.60
51.50,160.70
51.50,161.20
51.50,161.30
51.50,161.50
51.50,162.40
51.50,162.50
51.50,164.30
51.50,164.50
51.50,164.60
51.50,164.70
51.50,172.90
51.60,152.80
51.60,159.20
51.60,159.30
51.60,159.40
51.60,160.20
51.60,160.30
51.60,161.00
51.60,161.10
51.60,161.20
51.60,161.40
51.60,161.50
51.60,162.40
51.60,162.50
51.60,162.60
51.60,164.30
51.60,164.50
51.60,164.60
51.60,164.70
51.70,159.20
51.70,159.30
51.70,159.40
51.70,159.50
51.70,160.10
51.70,160.20
51.70,160.90
51.70,161.00
51.70,161.10
51.70,162.60
51.70,162.70
51.70,164.40
51.70,164.50
51.70,164.60
51.70,164.70
51.80,150.10
51.80,159.20
51.80,159.30
51.80,159.40
51.80,159.50
51.80,160.00
51.80,160.10
51.80,160.20
51.80,160.90
51.80,162.50
51.80,162.60
51.80,164.60
51.80,164.70
51.80,164.80
51.80,172.80
51.90,159.40
51.90,159.50
51.90,160.00
51.90,160.10
51.90,160.90
51.90,162.40
51.90,162.50
51.90,164.70
51.90,164.80
51.90,164.90
51.90,172.80
52.00,152.50
52.00,159.50
52.00,159.60
52.00,159.80
52.00,159.90
52.00,160.00
52.00,160.10
52.00,160.20
52.00,162.30
52.00,162.40
52.00,164.80
52.00,164.90
52.00,165.00
52.00,165.10
52.10,152.30
52.10,159.60
52.10,159.70
52.10,159.80
52.10,159.90
52.10,160.00
52.10,160.10
52.10,160.20
52.10,162.20
52.10,162.30
52.10,162.40
52.10,165.00
52.10,165.10
52.10,165.20
52.10,165.30
52.10,169.30
52.20,159.70
52.20,159.80
52.20,160.10
52.20,160.20
52.20,162.20
52.20,162.30
52.20,165.10
52.20,165.20
52.20,165.30
52.20,165.40
52.20,169.40
52.20,171.70
52.30,152.10
52.30,160.20
52.30,162.10
52.30,162.20
52.30,165.20
52.30,165.30
52.30,165.40
52.30,168.60
52.30,171.80
52.40,160.00
52.40,160.20
52.40,162.00
52.40,162.10
52.40,165.30
52.40,165.40
52.40,165.50
52.40,165.60
52.40,165.70
52.50,160.20
52.50,161.90
52.50,162.00
52.50,162.10
52.50,165.40
52.50,165.50
52.50,165.60
52.50,165.70
52.50,165.80
52.50,168.70
52.50,168.80
52.60,160.20
52.60,161.90
52.60,162.00
52.60,165.60
52.60,165.70
52.60,165.80
52.60,167.50
52.60,168.50
52.60,168.80
52.60,170.30
52.70,161.80
52.70,161.90
52.70,165.60
52.70,165.70
52.70,165.80
52.70,165.90
52.70,167.30
52.70,167.40
52.70,167.50
52.70,167.70
52.70,170.30
52.80,161.70
52.80,161.80
52.80,165.80
52.80,165.90
52.80,166.00
52.80,166.70
52.80,166.80
52.80,170.20
52.90,161.60
52.90,161.70
52.90,165.90
52.90,166.00
52.90,166.10
52.90,166.20
52.90,166.90
52.90,170.10
52.90,170.20
53.00,161.50
53.00,161.60
53.00,166.00
53.00,166.10
53.00,166.20
53.00,170.10
53.10,161.50
53.10,161.60
53.10,166.10
53.10,166.20
53.10,170.10
53.20,161.40
53.20,161.50
53.20,170.10
53.30,161.30
53.30,161.40
53.30,170.10
53.40,161.20
53.40,161.30
53.40,164.00
53.40,164.20
53.40,164.30
53.40,164.70
53.40,165.00
53.40,169.70
53.50,161.10
53.50,161.20
53.50,163.90
53.50,164.10
53.50,164.20
53.50,164.30
53.50,164.40
53.50,164.90
53.50,167.30
53.50,167.40
53.50,167.50
53.50,169.70
53.60,161.10
53.60,161.20
53.60,164.10
53.60,164.20
53.60,164.30
53.60,164.50
53.60,164.80
53.60,164.90
53.60,165.00
53.60,167.30
53.60,167.40
53.70,161.00
53.70,161.10
53.70,164.00
53.70,164.10
53.70,164.40
53.70,164.60
53.70,164.70
53.70,164.80
53.70,164.90
53.70,165.00
53.70,167.30
53.70,167.40
53.70,167.50
53.70,167.70
53.80,160.90
53.80,161.00
53.80,164.00
53.80,164.10
53.80,164.20
53.80,164.40
53.80,164.50
53.80,164.60
53.80,164.70
53.80,164.80
53.80,164.90
53.80,165.00
53.80,165.40
53.80,167.30
53.80,167.40
53.80,167.50
53.80,167.60
53.80,167.70
53.80,170.10
53.90,160.80
53.90,160.90
53.90,164.10
53.90,164.30
53.90,164.50
53.90,164.60
53.90,164.90
53.90,165.00
53.90,165.40
53.90,167.50
53.90,167.60
53.90,169.30
53.90,169.60
53.90,169.90
53.90,170.00
53.90,170.10
53.90,170.20
54.00,160.70
54.00,160.80
54.00,164.30
54.00,164.40
54.00,164.50
54.00,164.60
54.00,165.30
54.00,165.40
54.00,167.40
54.00,167.50
54.00,167.60
54.00,169.80
54.00,169.90
54.10,160.70
54.10,160.80
54.10,163.80
54.10,164.30
54.10,164.40
54.10,164.50
54.10,164.90
54.10,165.30
54.10,165.40
54.10,167.30
54.10,167.40
54.10,167.50
54.10,167.60
54.10,169.70
54.10,169.80
54.20,160.60
54.20,160.70
54.20,164.20
54.20,164.30
54.20,164.40
54.20,164.50
54.20,164.60
54.20,165.10
54.20,165.50
54.20,167.00
54.20,167.20
54.20,167.30
54.20,167.40
54.20,167.50
54.30,160.50
54.30,160.60
54.30,164.10
54.30,164.30
54.30,164.40
54.30,165.40
54.30,167.20
54.30,167.30
54.30,167.40
54.30,167.50
54.40,156.10
54.40,160.40
54.40,160.50
54.40,164.20
54.40,164.30
54.40,164.40
54.40,164.50
54.40,165.40
54.40,167.20
54.40,167.30
54.40,167.40
54.40,167.50
54.50,160.30
54.50,160.40
54.50,164.30
54.50,164.40
54.50,164.50
54.50,165.20
54.50,165.30
54.50,165.40
54.50,165.50
54.50,167.30
54.50,167.40
54.60,160.30
54.60,164.30
54.60,164.70
54.60,164.80
54.60,164.90
54.60,165.20
54.60,165.30
54.60,165.40
54.60,165.70
54.60,167.40
54.60,167.50
54.60,167.60
54.70,160.20
54.70,160.30
54.70,164.60
54.70,164.80
54.70,164.90
54.70,165.20
54.70,165.40
54.70,165.70
54.70,167.40
54.70,167.50
54.70,167.60
54.70,167.70
54.70,167.80
54.80,160.10
54.80,160.20
54.80,164.80
54.80,164.90
54.80,165.30
54.80,167.30
54.80,167.50
54.80,167.60
54.80,167.70
54.80,167.80
54.90,160.00
54.90,160.10
54.90,164.80
54.90,164.90
54.90,165.40
54.90,165.50
54.90,165.60
54.90,167.10
54.90,167.20
54.90,167.30
54.90,167.60
54.90,167.70
54.90,167.80
55.00,155.60
55.00,159.90
55.00,160.00
55.00,165.60
55.00,167.20
55.00,167.30
55.00,167.70
55.00,167.80
55.00,167.90
55.10,148.50
55.10,155.50
55.10,159.80
55.10,159.90
55.10,160.00
55.10,167.20
55.10,167.30
55.10,167.40
55.10,167.70
55.10,167.80
55.10,167.90
55.10,168.00
55.10,168.10
55.20,149.00
55.20,159.80
55.20,159.90
55.20,163.40
55.20,163.50
55.20,167.10
55.20,167.20
55.20,167.30
55.20,167.40
55.20,167.70
55.20,167.90
55.20,168.00
55.30,148.60
55.30,148.70
55.30,159.70
55.30,159.80
55.30,163.30
55.30,163.40
55.30,163.50
55.30,163.60
55.30,167.20
55.30,167.30
55.30,167.40
55.30,167.50
55.30,167.60
55.30,167.70
55.30,167.80
55.30,167.90
55.30,168.00
55.40,159.60
55.40,159.70
55.40,163.20
55.40,163.30
55.40,163.40
55.40,163.50
55.40,163.60
55.40,163.70
55.40,164.30
55.40,164.40
55.40,167.20
55.40,167.30
55.40,167.40
55.40,167.50
55.40,167.60
55.40,167.80
55.40,167.90
55.50,159.50
55.50,159.60
55.50,163.10
55.50,163.20
55.50,163.50
55.50,163.60
55.50,163.70
55.50,163.80
55.50,163.90
55.50,164.20
55.50,164.30
55.50,167.30
55.50,167.40
55.50,167.50
55.50,167.60
55.60,159.40
55.60,159.50
55.60,163.10
55.60,163.20
55.60,163.60
55.60,163.70
55.60,163.80
55.60,163.90
55.60,164.00
55.60,164.40
55.60,166.70
55.60,167.10
55.60,167.20
55.60,167.30
55.60,167.40
55.60,167.50
55.60,167.60
55.70,159.30
55.70,159.40
55.70,163.00
55.70,163.10
55.70,163.80
55.70,163.90
55.70,164.00
55.70,164.10
55.70,164.20
55.70,164.50
55.70,166.60
55.70,166.70
55.70,166.80
55.70,167.00
55.70,167.10
55.70,167.20
55.70,167.30
55.70,167.40
55.80,159.30
55.80,159.40
55.80,162.90
55.80,163.00
55.80,163.90
55.80,164.00
55.80,164.10
55.80,164.20
55.80,164.30
55.80,164.40
55.80,164.50
55.80,164.60
55.80,165.20
55.80,166.70
55.80,167.10
55.80,167.20
55.80,167.30
55.90,159.20
55.90,159.30
55.90,162.90
55.90,163.00
55.90,164.10
55.90,164.20
55.90,164.30
55.90,164.40
55.90,164.50
55.90,164.60
55.90,164.70
55.90,164.80
55.90,165.00
55.90,165.10
55.90,165.20
55.90,166.80
55.90,166.90
55.90,167.00
55.90,167.10
55.90,167.20
56.00,159.10
56.00,159.20
56.00,163.00
56.00,163.10
56.00,163.20
56.00,164.20
56.00,164.30
56.00,164.40
56.00,164.50
56.00,164.60
56.00,164.70
56.00,164.80
56.00,164.90
56.00,165.00
56.00,165.10
56.00,165.20
56.00,165.30
56.00,166.80
56.00,166.90
56.00,167.00
56.10,158.30
56.10,159.00
56.10,159.10
56.10,163.10
56.10,163.20
56.10,163.30
56.10,164.30
56.10,164.40
56.10,164.50
56.10,164.60
56.10,164.70
56.10,164.80
56.10,164.90
56.10,165.00
56.10,165.20
56.10,165.30
56.10,165.40
56.10,165.50
56.10,166.70
56.10,166.80
56.20,158.40
56.20,158.90
56.20,159.00
56.20,163.30
56.20,163.40
56.20,163.50
56.20,164.60
56.20,164.70
56.20,164.80
56.20,164.90
56.20,165.40
56.20,165.50
56.20,165.60
56.20,166.70
56.20,166.80
56.30,144.90
56.30,158.90
56.30,159.00
56.30,163.20
56.30,163.40
56.30,163.50
56.30,164.70
56.30,164.80
56.30,165.40
56.30,165.50
56.30,165.60
56.30,165.80
56.30,166.60
56.30,166.70
56.30,166.80
56.30,166.90
56.40,145.00
56.40,158.70
56.40,158.80
56.40,158.90
56.40,162.20
56.40,163.40
56.40,163.50
56.40,165.50
56.40,165.60
56.40,165.70
56.40,165.80
56.40,166.80
56.40,166.90
56.40,167.00
56.40,167.10
56.50,145.00
56.50,145.10
56.50,158.80
56.50,163.10
56.50,163.40
56.50,165.70
56.50,165.80
56.50,166.90
56.50,167.10
56.60,145.10
56.60,145.20
56.60,161.10
56.60,161.20
56.60,162.40
56.60,163.10
56.60,163.30
56.60,163.40
56.60,167.00
56.60,167.10
56.70,145.20
56.70,161.00
56.70,161.10
56.70,161.20
56.70,162.40
56.70,162.50
56.70,163.20
56.70,163.30
56.70,167.00
56.80,145.30
56.80,145.50
56.80,160.90
56.80,161.00
56.80,161.10
56.80,163.10
56.80,163.20
56.80,166.90
56.80,167.00
56.80,167.10
56.90,145.30
56.90,145.40
56.90,160.90
56.90,161.00
56.90,163.00
56.90,163.10
57.00,160.80
57.00,160.90
57.00,161.10
57.00,163.00
57.00,163.10
57.00,167.30
57.10,160.70
57.10,160.80
57.10,162.90
57.10,163.00
57.20,160.60
57.20,160.70
57.20,162.80
57.20,162.90
57.30,160.50
57.30,160.60
57.30,162.70
57.30,162.80
57.30,167.30
57.30,167.40
57.30,167.70
57.40,157.70
57.40,160.50
57.40,160.60
57.40,162.60
57.40,162.70
57.40,162.80
57.40,167.40
57.40,167.50
57.40,167.60
57.50,157.70
57.50,157.80
57.50,160.40
57.50,160.50
57.50,162.60
57.50,162.70
57.50,167.30
57.50,167.40
57.50,167.50
57.50,167.60
57.50,167.70
57.60,157.80
57.60,157.90
57.60,160.30
57.60,160.40
57.60,160.80
57.60,162.20
57.60,162.30
57.60,162.50
57.60,162.60
57.60,167.40
57.60,167.50
57.60,167.60
57.70,157.70
57.70,157.80
57.70,160.20
57.70,160.30
57.70,162.10
57.70,162.20
57.70,162.30
57.70,162.50
57.70,167.40
57.70,167.50
57.80,160.10
57.80,160.20
57.80,160.70
57.80,160.80
57.80,160.90
57.80,161.90
57.80,162.00
57.80,162.10
57.80,162.20
57.80,162.30
57.80,162.40
57.80,162.50
57.80,162.60
57.80,162.70
57.80,167.30
57.80,167.40
57.80,167.50
57.90,160.10
57.90,160.80
57.90,160.90
57.90,161.00
57.90,161.90
57.90,162.00
57.90,162.30
57.90,162.40
57.90,162.50
57.90,167.30
57.90,167.40
58.00,157.50
58.00,160.00
58.00,160.90
58.00,161.80
58.00,161.90
58.00,162.00
58.00,167.20
58.00,167.30
58.10,157.50
58.10,159.90
58.10,160.00
58.10,160.90
58.10,161.00
58.10,161.80
58.10,161.90
58.10,167.20
58.20,157.40
58.20,157.50
58.20,159.80
58.20,159.90
58.20,160.90
58.20,161.00
58.20,161.10
58.20,161.70
58.20,161.80
58.20,167.20
58.20,169.20
58.30,156.50
58.30,156.60
58.30,157.50
58.30,159.70
58.30,159.80
58.30,161.00
58.30,161.10
58.30,161.70
58.30,169.10
58.40,159.60
58.40,159.70
58.40,167.10
58.40,167.20
58.40,167.30
58.40,169.00
58.40,169.10
58.50,159.60
58.50,167.20
58.50,168.90
58.60,159.50
58.60,159.60
58.60,167.50
58.60,167.70
58.60,168.90
58.70,159.40
58.70,159.50
58.70,167.60
58.80,159.30
58.80,159.40
58.90,159.20
58.90,159.30
58.90,167.70
59.00,159.10
59.00,159.20
59.10,159.10
59.10,167.70
59.20,159.00
59.20,159.10
59.20,167.90
59.30,156.40
59.30,156.50
59.30,158.80
59.30,158.90
59.30,159.00
59.40,156.40
59.40,156.50
59.40,158.90
59.40,167.80
59.50,156.50
59.50,167.80
59.60,156.30
59.60,156.40
59.60,156.50
59.70,156.50
60.40,160.40
60.40,160.50
60.50,160.40
60.50,160.50
60.50,160.60
60.60,160.50
60.60,160.60
60.60,160.70
60.70,160.60
60.70,160.70
60.70,160.80
60.70,160.90
60.80,157.70
60.80,160.80
60.80,160.90
60.80,161.00
60.90,157.60
60.90,157.70
60.90,157.80
60.90,160.90
60.90,161.00
60.90,161.10
61.00,157.70
61.00,157.80
61.00,157.90
61.00,161.00
61.00,161.10
61.00,161.20
61.00,162.30
61.10,157.80
61.10,157.90
61.10,158.00
61.10,162.30
61.20,157.50
61.20,158.40
61.20,158.50
61.20,162.20
61.30,158.30
61.30,162.10
61.40,162.00
61.50,158.10
61.50,161.80
61.50,161.90
61.50,162.00
61.60,157.00
61.60,157.10
61.60,157.20
61.70,156.90
61.80,156.90
62.20,156.60
62.30,156.30
62.30,156.40
62.30,156.50
62.30,156.60
62.40,154.10
62.50,154.00
62.60,154.10
62.60,154.20
62.80,154.30
62.80,154.40
62.90,154.40
62.90,154.50
62.90,154.70
63.00,154.50
63.10,154.60
63.10,154.70
63.20,154.80
63.80,153.00
63.80,157.30
63.80,157.40
63.90,153.10
63.90,153.20
63.90,153.50
64.00,153.20
64.00,153.30
64.10,153.30
64.10,153.50
64.20,153.50
64.20,154.00
64.30,154.00
64.40,153.80
64.50,153.80
65.10,153.30
65.10,153.50
65.20,153.40
65.20,153.50
65.20,153.60
65.30,153.50
65.30,153.60
65.30,153.70
65.40,153.60
65.40,153.70
65.40,153.80
65.40,154.00
65.50,153.70
65.50,153.80
65.50,153.90
65.50,154.00
65.50,154.10
65.50,154.20
65.60,153.90
65.60,154.00
65.60,154.10
65.60,154.20
65.60,154.30
65.70,154.50
66.60,151.50
67.00,151.30
67.10,151.30
67.20,151.40
67.20,151.50
67.20,151.60
67.30,151.50
67.30,151.60
