timestamp_us,x_m,y_m,z_m,yaw_rad
1693731671675157,3.485,4.0918,0.0196,1.61099
1693731671741780,3.4657,4.0817,0.0219,1.60958
1693731671808417,3.4551,4.0772,0.0225,1.61132
1693731671875093,3.4483,4.0728,0.0229,1.61145
1693731671941722,3.444,4.0697,0.0235,1.61148
1693731672008363,3.4409,4.068,0.0238,1.61175
1693731672075012,3.439,4.0663,0.0241,1.61145
1693731672141649,3.4372,4.065,0.0241,1.61127
1693731672208300,3.4357,4.0641,0.0241,1.61068
1693731672275026,3.4339,4.0636,0.0239,1.60941
1693731672341668,3.4324,4.0635,0.0238,1.60718
1693731672408321,3.4312,4.0631,0.0237,1.60429
1693731672474977,3.4306,4.063,0.0236,1.6015
1693731672541626,3.4301,4.0629,0.0235,1.5988
1693731672608284,3.4293,4.0627,0.0234,1.59614
1693731672674946,3.4288,4.0627,0.0232,1.5935
1693731672741598,3.4282,4.063,0.023,1.59093
1693731672808254,3.4278,4.0633,0.0228,1.58854
1693731672874915,3.4272,4.0633,0.0229,1.58686
1693731672941570,3.4267,4.0631,0.0228,1.58565
1693731673008236,3.4262,4.0632,0.0226,1.58399
1693731673074892,3.4258,4.0639,0.0225,1.5823
1693731673141550,3.4254,4.0643,0.0223,1.58066
1693731673208218,3.4246,4.0642,0.0222,1.57976
1693731673274879,3.4232,4.0641,0.0218,1.57996
1693731673341540,3.4216,4.0639,0.0217,1.57975
1693731673408212,3.4194,4.0637,0.0217,1.57915
1693731673474884,3.4164,4.0642,0.0218,1.57754
1693731673541544,3.4123,4.0648,0.0218,1.57555
1693731673608218,3.4075,4.0658,0.0219,1.57391
1693731673674910,3.4016,4.0674,0.0219,1.57314
1693731673741569,3.2061,4.1158,0.0183,1.56724
1693731673808241,3.1438,4.1445,0.0187,1.60045
1693731673874902,3.0862,4.173,0.0204,1.62425
1693731673941565,3.0293,4.1933,0.0297,1.63242
1693731674008237,2.9836,4.2379,0.0446,1.68015
1693731674074931,2.9342,4.2569,0.0628,1.68602
1693731674141594,2.893,4.2851,0.0866,1.66653
1693731674208265,2.8401,4.299,0.1052,1.6665
1693731674274961,2.7836,4.3309,0.121,1.65609
1693731674341619,2.7509,4.3441,0.1316,1.60514
1693731674408276,2.7031,4.3458,0.141,1.60854
1693731674474940,2.6399,4.356,0.1437,1.64486
1693731674541598,2.5774,4.3674,0.1417,1.67848
1693731674608274,2.512,4.3707,0.142,1.68479
1693731674675014,2.4408,4.3727,0.1447,1.67805
1693731674741668,2.3888,4.3824,0.1508,1.64046
1693731674808335,2.3382,4.3865,0.1582,1.61296
1693731674874996,2.2888,4.3971,0.1618,1.60724
1693731674941652,2.2371,4.4058,0.1574,1.59733
1693731675008321,2.1691,4.4102,0.1508,1.56981
1693731675075032,2.1089,4.42,0.1404,1.56331
1693731675141691,2.029,4.4248,0.13,1.55572
1693731675208355,1.9847,4.4309,0.1221,1.58418
1693731675275015,1.9256,4.4399,0.1196,1.5791
1693731675341703,1.8807,4.4468,0.1227,1.58137
1693731675408371,1.8191,4.4509,0.1318,1.58164
1693731675475029,1.7478,4.4494,0.1376,1.5894
1693731675541684,1.6682,4.4504,0.1428,1.5907
1693731675608351,1.6125,4.4475,0.1464,1.62919
1693731675675014,1.5237,4.442,0.1446,1.65781
1693731675741671,1.4595,4.4338,0.1362,1.67035
1693731675808344,1.3634,4.4246,0.1297,1.66235
1693731675875006,1.2959,4.4266,0.1284,1.68171
1693731675941716,1.2138,4.4118,0.1305,1.67147
1693731676008386,1.1621,4.4092,0.1403,1.64164
1693731676075043,1.0867,4.4031,0.1491,1.62247
1693731676141706,1.0325,4.4005,0.1535,1.60693
1693731676208420,0.9742,4.3915,0.1491,1.58473
1693731676275133,0.9288,4.3812,0.1385,1.56924
1693731676341789,0.8792,4.3762,0.128,1.55266
1693731676408504,0.8282,4.3676,0.1243,1.55123
1693731676475209,0.7732,4.3628,0.1206,1.56949
1693731676541868,0.7121,4.3456,0.1205,1.56745
1693731676608562,0.6167,4.3383,0.1285,1.55299
1693731676675207,0.5308,4.3327,0.1313,1.56017
1693731676741888,0.4518,4.3274,0.1338,1.57341
1693731676808574,0.3762,4.3161,0.1312,1.5888
1693731676875224,0.2983,4.3179,0.1286,1.6074
1693731676941877,0.2307,4.3107,0.1204,1.61311
1693731677008540,0.1448,4.3027,0.1159,1.6005
1693731677075189,0.0772,4.3015,0.1128,1.58456
1693731677141881,0.0273,4.2881,0.1163,1.53549
1693731677208540,-0.04,4.2913,0.1236,1.52697
1693731677275198,-0.0993,4.2842,0.1269,1.51096
1693731677341850,-0.1512,4.2821,0.1298,1.50632
1693731677408561,-0.2101,4.2762,0.1254,1.50471
1693731677475214,-0.2794,4.2721,0.1191,1.50155
1693731677541860,-0.3574,4.2757,0.1102,1.51632
1693731677608521,-0.4242,4.2758,0.1058,1.53968
1693731677675257,-0.5032,4.278,0.1036,1.55852
1693731677741915,-0.5876,4.2708,0.1059,1.55498
1693731677808577,-0.6757,4.2769,0.1104,1.55122
1693731677875284,-0.7626,4.2817,0.1107,1.55557
1693731677941932,-0.8361,4.2874,0.1126,1.58827
1693731678008591,-0.9089,4.2863,0.1148,1.61715
1693731678075244,-0.9805,4.3011,0.1183,1.64593
1693731678141894,-1.0595,4.3005,0.1178,1.66561
1693731678208555,-1.1259,4.3044,0.1229,1.65128
1693731678275212,-1.1934,4.3081,0.126,1.64994
1693731678341908,-1.2651,4.3098,0.1344,1.65393
1693731678408567,-1.3313,4.3081,0.1417,1.65652
1693731678475220,-1.4064,4.3091,0.1479,1.66806
1693731678541872,-1.4708,4.3059,0.1457,1.673
1693731678608543,-1.5416,4.3117,0.1363,1.69364
1693731678675286,-1.6175,4.3165,0.1212,1.72308
1693731678741936,-1.696,4.3299,0.1095,1.75438
1693731678808591,-1.7754,4.3353,0.1036,1.76829
1693731678875257,-1.8663,4.3396,0.1003,1.80335
1693731678941907,-1.9665,4.4142,0.107,1.85203
1693731679075232,-2.1723,4.4806,0.1152,1.92628
1693731679141888,-2.2534,4.4718,0.1143,1.92806
1693731679208552,-2.3429,4.4809,0.1104,1.9464
1693731679275214,-2.4353,4.4813,0.1082,1.98532
1693731679341869,-2.524,4.4818,0.1092,2.01108
1693731679408538,-2.6154,4.4666,0.1064,2.04334
1693731679475204,-2.6991,4.4538,0.1088,2.05736
1693731679541892,-2.7876,4.4535,0.1137,2.08375
1693731679608585,-2.8765,4.4493,0.1191,2.10983
1693731679675244,-2.9627,4.455,0.1242,2.14832
1693731679741926,-3.0434,4.4547,0.1245,2.19367
1693731679808620,-3.1128,4.439,0.1206,2.23834
1693731679875293,-3.1823,4.42,0.1155,2.30045
1693731679941971,-3.2426,4.3989,0.1119,2.34921
1693731680008632,-3.3256,4.386,0.1054,2.40025
1693731680075343,-3.4117,4.366,0.1018,2.41827
1693731680141991,-3.4856,4.3386,0.0916,2.46893
1693731680208703,-3.5642,4.3092,0.0832,2.51856
1693731680275356,-3.6367,4.2674,0.0695,2.59151
1693731680342006,-3.7072,4.226,0.0609,2.65054
1693731680408714,-3.7471,4.1498,0.0545,2.72288
1693731680475376,-3.8166,4.0823,0.0496,2.7674
1693731680542022,-3.8248,3.9912,0.0498,2.7954
1693731680608684,-3.8863,3.9314,0.0529,2.80168
1693731680675348,-3.9395,3.884,0.0591,2.81136
1693731680742013,-3.9847,3.837,0.0667,2.81832
1693731680808684,-4.0259,3.7924,0.0717,2.846
1693731680875344,-4.0514,3.7414,0.0727,2.89024
1693731680942022,-4.0778,3.6883,0.0659,2.92227
1693731681008702,-4.1116,3.6319,0.0561,2.97328
1693731681075361,-4.1312,3.5703,0.0459,3.02181
1693731681142017,-4.1585,3.5129,0.0388,3.06242
1693731681208683,-4.1898,3.451,0.0386,3.1012
1693731681275350,-4.2172,3.3856,0.0419,3.12925
1693731681342028,-4.2217,3.3156,0.0452,-3.12661
1693731681408698,-4.2243,3.2493,0.0417,-3.10059
1693731681475363,-4.2434,3.1776,0.0385,-3.10041
1693731681542035,-4.2537,3.1075,0.0271,-3.09843
1693731681608716,-4.2609,3.0373,0.0139,-3.09674
1693731681675373,-4.2725,2.9729,0.0056,-3.09629
1693731681742031,-4.296,2.9077,0.0077,-3.14056
1693731681808730,-4.2989,2.8456,0.0083,-3.13924
1693731681875390,-4.3124,2.7824,0.012,-3.13738
1693731681942062,-4.3255,2.7251,0.0124,3.13957
1693731682008726,-4.3194,2.6623,0.0122,3.1155
1693731682075384,-4.318,2.5891,0.0075,3.09945
1693731682142055,-4.2996,2.5231,0.003,3.08426
1693731682208723,-4.2833,2.4601,0.0026,3.08741
1693731682275386,-4.2894,2.3846,-0.002,3.0606
1693731682342049,-4.3022,2.3065,0.0028,3.02799
1693731682408719,-4.3017,2.2477,0.0153,2.98359
1693731682475386,-4.3161,2.1678,0.0226,2.93394
1693731682542046,-4.3303,2.0915,0.0272,2.89208
1693731682608717,-4.3447,2.0099,0.031,2.88109
1693731682675409,-4.3611,1.9327,0.041,2.87824
1693731682742077,-4.3691,1.8575,0.0472,2.89157
1693731682808790,-4.4115,1.7495,0.0356,2.9371
1693731682875460,-4.4309,1.6596,0.0381,3.02422
1693731682942121,-4.4483,1.5972,0.0528,3.09101
1693731683008833,-4.4635,1.5417,0.0718,3.10464
1693731683075488,-4.4961,1.4722,0.0971,-3.13657
1693731683142169,-4.5154,1.4207,0.1184,-3.10831
1693731683208830,-4.5388,1.3692,0.1333,-3.0824
1693731683275486,-4.561,1.3165,0.1414,-3.07254
1693731683342140,-4.5727,1.2621,0.1465,-3.05248
1693731683408807,-4.5985,1.2018,0.1505,-3.02405
1693731683475463,-4.6177,1.1373,0.1567,-2.98155
1693731683542124,-4.6383,1.0693,0.1674,-2.94297
1693731683608794,-4.6567,0.9952,0.177,-2.8922
1693731683675458,-4.6476,0.9307,0.1864,-2.86311
1693731683742116,-4.6442,0.8603,0.1939,-2.81201
1693731683808789,-4.66,0.7913,0.2053,-2.74923
1693731683875451,-4.6201,0.7295,0.2164,-2.72084
1693731683942153,-4.6167,0.654,0.2268,-2.68369
1693731684008817,-4.6057,0.5906,0.235,-2.65856
1693731684075481,-4.5892,0.5252,0.2487,-2.61638
1693731684142141,-4.5814,0.4566,0.261,-2.58428
1693731684208811,-4.5632,0.3916,0.2725,-2.56342
1693731684275473,-4.5193,0.32,0.2788,-2.51597
1693731684342139,-4.5064,0.2574,0.2719,-2.45964
1693731684408808,-4.4639,0.1968,0.2683,-2.40683
1693731684475462,-4.4375,0.1356,0.2531,-2.35945
1693731684542148,-4.3875,0.0787,0.2348,-2.29694
1693731684608812,-4.3544,0.0281,0.2252,-2.24549
1693731684675488,-4.3381,-0.0522,0.2202,-2.17785
1693731684742155,-4.3073,-0.1119,0.2213,-2.12045
1693731684808833,-4.274,-0.1719,0.2203,-2.06893
1693731684875498,-4.2345,-0.2237,0.2207,-2.04037
1693731684942164,-4.1775,-0.2556,0.2145,-2.01889
1693731685008835,-4.14,-0.3102,0.209,-2.00557
1693731685075498,-4.093,-0.3561,0.2009,-1.99359
1693731685142171,-4.0462,-0.3888,0.1931,-1.9726
1693731685208843,-3.9942,-0.4309,0.1931,-1.94641
1693731685275507,-3.9447,-0.4816,0.1972,-1.91333
1693731685342174,-3.8983,-0.5143,0.2036,-1.90829
1693731685408850,-3.8424,-0.5648,0.2156,-1.87896
1693731685475514,-3.792,-0.599,0.2296,-1.87852
1693731685542182,-3.7411,-0.6403,0.2382,-1.88417
1693731685608853,-3.6868,-0.6828,0.2428,-1.89295
1693731685675524,-3.6343,-0.7196,0.241,-1.90008
1693731685742202,-3.5845,-0.7477,0.2396,-1.90468
1693731685808877,-3.5318,-0.7645,0.2279,-1.89595
1693731685875552,-3.4676,-0.783,0.2231,-1.88068
1693731685942219,-3.4158,-0.793,0.2183,-1.85978
1693731686008899,-3.3464,-0.8176,0.2178,-1.85865
1693731686075564,-3.2794,-0.8288,0.2145,-1.84955
1693731686142226,-3.2296,-0.8464,0.2017,-1.84668
1693731686208898,-3.1728,-0.8645,0.1809,-1.84636
1693731686275562,-3.1094,-0.866,0.1636,-1.82696
1693731686342227,-3.0517,-0.879,0.1484,-1.80257
1693731686408898,-2.9861,-0.8743,0.1325,-1.79057
1693731686475565,-2.9225,-0.8942,0.1134,-1.79491
1693731686542228,-2.858,-0.9144,0.105,-1.80712
1693731686608903,-2.8037,-0.9384,0.0961,-1.83773
1693731686675567,-2.7466,-0.9635,0.0907,-1.84464
1693731686742255,-2.6972,-0.9839,0.0873,-1.85205
1693731686808924,-2.6371,-0.9876,0.0847,-1.83601
1693731686875590,-2.5761,-1.0065,0.0861,-1.83516
1693731686942270,-2.5174,-1.029,0.0824,-1.82897
1693731687008931,-2.4633,-1.0584,0.0782,-1.83585
1693731687075605,-2.4097,-1.0834,0.0709,-1.84037
1693731687142291,-2.3477,-1.1024,0.0715,-1.83776
1693731687208969,-2.2812,-1.1181,0.0779,-1.82838
1693731687275641,-2.2205,-1.1429,0.087,-1.81238
1693731687342304,-2.17,-1.1695,0.0973,-1.80167
1693731687408978,-2.1232,-1.2341,0.1052,-1.77037
1693731687475643,-2.0772,-1.2689,0.1107,-1.75408
1693731687542311,-2.0206,-1.294,0.1177,-1.71878
1693731687608983,-1.9644,-1.3071,0.1212,-1.71207
1693731687675648,-1.8988,-1.3226,0.1228,-1.70002
1693731687742313,-1.8383,-1.354,0.1266,-1.68614
1693731687808987,-1.7805,-1.3711,0.1333,-1.66399
1693731687875651,-1.7261,-1.3884,0.1309,-1.65388
1693731687942321,-1.6708,-1.42,0.1427,-1.62414
1693731688008992,-1.6167,-1.4324,0.15,-1.60613
1693731688075662,-1.5412,-1.4467,0.1606,-1.5653
1693731688142328,-1.4793,-1.4489,0.1575,-1.54576
1693731688209001,-1.396,-1.4517,0.1552,-1.49905
1693731688275667,-1.3209,-1.4479,0.1458,-1.45132
1693731688342335,-1.2404,-1.4423,0.1375,-1.40056
1693731688409057,-1.1677,-1.4305,0.135,-1.36394
1693731688475718,-1.0933,-1.4285,0.1387,-1.31618
1693731688542381,-1.0246,-1.4134,0.1478,-1.26239
1693731688609053,-0.9439,-1.4219,0.1561,-1.20721
1693731688675716,-0.8754,-1.4199,0.1611,-1.17408
1693731688742383,-0.8053,-1.4202,0.1613,-1.14981
1693731688809052,-0.7337,-1.4174,0.1558,-1.10811
1693731688875719,-0.6644,-1.3929,0.147,-1.05478
1693731688942386,-0.6074,-1.3684,0.1424,-0.9971
1693731689009060,-0.5585,-1.3501,0.1452,-0.95752
1693731689075724,-0.4936,-1.3435,0.1383,-0.93604
1693731689142391,-0.428,-1.3405,0.1404,-0.92745
1693731689209062,-0.3711,-1.3364,0.1508,-0.9206
1693731689275731,-0.3062,-1.337,0.149,-0.91964
1693731689342397,-0.2533,-1.3258,0.143,-0.92211
1693731689409072,-0.19,-1.3158,0.1343,-0.91982
1693731689475736,-0.1223,-1.3043,0.1211,-0.91978
1693731689542403,-0.0517,-1.2976,0.1189,-0.89868
1693731689609078,0.0136,-1.2848,0.1155,-0.89735
1693731689675748,0.0899,-1.2731,0.1166,-0.8994
1693731689742414,0.1559,-1.2545,0.1203,-0.91109
1693731689809090,0.2285,-1.2422,0.1265,-0.89762
1693731689875788,0.2928,-1.2207,0.1235,-0.89136
1693731689942444,0.3453,-1.1954,0.1228,-0.8559
1693731690009128,0.3974,-1.1686,0.1175,-0.81321
1693731690075795,0.4552,-1.1477,0.1068,-0.76239
1693731690142516,0.504,-1.1243,0.0978,-0.72584
1693731690209183,0.5544,-1.0987,0.0856,-0.71471
1693731690275844,0.6113,-1.0811,0.079,-0.73895
1693731690342506,0.6474,-1.0539,0.0742,-0.75498
1693731690409176,0.6799,-1.0391,0.0737,-0.7663
1693731690475851,0.7109,-1.0276,0.0715,-0.75712
1693731690542511,0.7353,-1.0176,0.062,-0.77323
1693731690609184,0.7404,-1.0042,0.0513,-0.79007
1693731690675847,0.7649,-1.0013,0.0471,-0.81004
1693731690742508,0.7783,-0.9971,0.0557,-0.82777
1693731690809181,0.7751,-0.9946,0.0549,-0.80915
1693731690875846,0.7718,-0.9944,0.0581,-0.77465
1693731690942508,0.7674,-0.9915,0.0647,-0.75821
1693731691009173,0.7714,-0.9976,0.064,-0.73543
1693731691075849,0.7664,-0.9967,0.0637,-0.75077
1693731691142516,0.7786,-1.0082,0.0704,-0.7673
1693731691209187,0.7592,-0.9969,0.0717,-0.78916
1693731691275854,0.7648,-0.9962,0.0632,-0.81872
1693731691342519,0.7754,-1.0015,0.0619,-0.8238
1693731691409184,0.7697,-1.0031,0.07,-0.83692
1693731691475861,0.7699,-1.0046,0.075,-0.86062
1693731691542527,0.77,-1.0,0.0734,-0.88157
1693731691609200,0.7473,-0.9964,0.0877,-0.8885
1693731691675871,0.7273,-0.98,0.1077,-0.92248
1693731691742533,0.7432,-0.9863,0.1071,-0.93619
1693731691809210,0.7332,-0.9882,0.1174,-0.95591
1693731691875877,0.7504,-1.0113,0.1353,-0.95022
1693731691942543,0.7443,-1.0043,0.1323,-0.97969
1693731692009311,0.6664,-0.8792,0.2249,-1.08296
1693731692076027,0.7592,-0.8625,0.2045,-1.04746
1693731692142749,0.8092,0.247,0.0281,-0.58928
1693731692209526,0.8257,0.3876,-0.0082,-0.58467
1693731692276161,0.8402,0.4795,-0.0193,-0.58635
1693731692342968,0.855,0.5675,-0.03,-0.59017
1693731692409742,0.8698,0.6533,-0.0391,-0.59152
1693731692476597,0.8306,0.6925,-0.1678,-1.39679
1693731692543223,0.8636,0.6908,-0.1475,-2.87493
1693731692609978,0.8724,0.6985,-0.154,-2.4589
1693731692676579,0.8729,0.6987,-0.1546,-2.53631
1693731692743185,0.8731,0.6982,-0.1543,-2.52451
1693731692810039,0.8731,0.6977,-0.1543,-2.53125
1693731692876633,0.8735,0.6971,-0.1543,-2.5334
1693731692943399,0.8737,0.6969,-0.1546,-2.53085
1693731693010108,0.8741,0.6966,-0.1545,-2.53455
1693731693076966,0.8742,0.6961,-0.1542,-2.5371
1693731693143546,0.8733,0.696,-0.1543,-2.53363
1693731693210346,0.8738,0.6963,-0.1546,-2.53674
1693731693276913,0.8693,0.6902,-0.1454,-3.01441
1693731693343719,0.8673,0.6889,-0.1448,-2.92229
1693731693476911,0.8653,0.6873,-0.1455,-2.98343
1693731693543510,0.865,0.6867,-0.1461,-2.97342
1693731693676931,0.8643,0.6853,-0.1462,-2.9853
1693731693743587,0.8638,0.6844,-0.146,-2.98156
1693731693810169,0.8695,0.6919,-0.1541,-2.46067
1693731693876752,0.87,0.6926,-0.155,-2.54497
1693731693943567,0.8643,0.6847,-0.1466,-3.06858
1693731694005151,0.8694,0.6915,-0.1539,-2.43965
1693731694071737,0.8642,0.6844,-0.1465,-3.03332
1693731694138329,0.8703,0.6927,-0.1539,-2.43768
1693731694199928,0.8648,0.6849,-0.1463,-3.01104
1693731694266534,0.8639,0.6839,-0.1455,-2.95119
1693731694333147,0.8636,0.6835,-0.1454,-2.97124
1693731694394777,0.8642,0.6839,-0.1453,-2.97376
1693731694461404,0.8643,0.6841,-0.1455,-2.97915
1693731694528032,0.8641,0.6838,-0.146,-2.98408
1693731694594679,0.864,0.6836,-0.1462,-2.97762
1693731694661313,0.864,0.6835,-0.1461,-2.97349
1693731694727952,0.8637,0.6834,-0.1456,-2.96673
1693731694794603,0.864,0.6836,-0.1454,-2.96274
1693731694861248,0.8643,0.6838,-0.1453,-2.96843
1693731694927897,0.865,0.6839,-0.1454,-2.97482
1693731694994560,0.8654,0.684,-0.1455,-2.9732
1693731695061200,0.8652,0.684,-0.1454,-2.97669
1693731695127856,0.8648,0.6834,-0.1458,-2.97702
1693731695194520,0.8645,0.6833,-0.1455,-2.97677
1693731695261176,0.8648,0.6835,-0.1453,-2.97108
1693731695327832,0.865,0.6837,-0.1452,-2.96564
1693731695394501,0.8654,0.6837,-0.1453,-2.96674
1693731695461150,0.8653,0.6837,-0.1452,-2.96946
1693731695527813,0.8651,0.6836,-0.1452,-2.96821
1693731695594480,0.8651,0.6836,-0.1455,-2.9698
1693731695661141,0.8648,0.6832,-0.1457,-2.98393
1693731695727805,0.8647,0.6832,-0.146,-2.98534
1693731695794481,0.8643,0.683,-0.1457,-2.97731
1693731695861142,0.8648,0.6835,-0.1456,-2.97417
1693731695927805,0.8654,0.6841,-0.1457,-2.97699
1693731695994538,0.8655,0.6839,-0.1457,-2.96724
1693731696061197,0.865,0.6836,-0.1454,-2.96805
1693731696127855,0.8652,0.6839,-0.1455,-2.96936
1693731696194524,0.8655,0.6841,-0.1455,-2.96743
1693731696261186,0.865,0.6837,-0.1455,-2.97764
1693731696327845,0.8656,0.6842,-0.1455,-2.96602
1693731696394586,0.8654,0.6841,-0.1456,-2.96978
1693731696461242,0.8652,0.684,-0.1456,-2.9764
1693731696527896,0.8652,0.6839,-0.1457,-2.97619
1693731696594554,0.8653,0.6839,-0.1459,-2.98022
1693731696661222,0.8651,0.6841,-0.1459,-2.97284
1693731696727880,0.8655,0.6845,-0.1459,-2.97821
1693731696794550,0.8659,0.6846,-0.146,-2.97556
1693731696861211,0.8658,0.6845,-0.1461,-2.97231
1693731696927872,0.8656,0.6842,-0.1462,-2.98097
1693731696994544,0.8655,0.6843,-0.1462,-2.97851
1693731697061204,0.8659,0.6847,-0.146,-2.97679
1693731697127867,0.8664,0.685,-0.1461,-2.97121
1693731697194608,0.8663,0.685,-0.146,-2.97034
1693731697261267,0.8664,0.6853,-0.1458,-2.9725
1693731697327926,0.8665,0.6852,-0.1458,-2.97407
1693731697394592,0.8658,0.6846,-0.146,-2.99522
1693731697461251,0.8659,0.6846,-0.1461,-2.99147
1693731697527914,0.866,0.6846,-0.1461,-2.98846
1693731697594587,0.8656,0.6841,-0.1463,-2.99934
1693731697661249,0.8655,0.684,-0.1465,-2.98992
1693731697727909,0.866,0.6844,-0.1465,-2.99372
1693731697794580,0.866,0.6845,-0.1463,-2.9905
1693731697861243,0.8661,0.6846,-0.146,-2.98891
1693731697927906,0.866,0.6844,-0.1461,-2.99927
1693731697994582,0.8658,0.684,-0.1465,-3.0001
1693731698061247,0.8659,0.6841,-0.1467,-3.00819
1693731698127910,0.8659,0.6843,-0.1462,-2.99242
1693731698194588,0.8663,0.6845,-0.1466,-2.99295
1693731698261252,0.8663,0.6847,-0.1462,-2.98756
1693731698327917,0.8666,0.6849,-0.146,-2.9883
1693731698394593,0.8667,0.6853,-0.1457,-2.98201
1693731698461258,0.8662,0.6849,-0.1458,-2.99379
1693731698527923,0.8664,0.6851,-0.1456,-2.98282
1693731698594586,0.8666,0.6853,-0.1458,-2.99057
1693731698661262,0.8668,0.6853,-0.1456,-2.9778
1693731698727928,0.8667,0.685,-0.1461,-2.99607
1693731698794601,0.8665,0.6851,-0.1463,-2.97986
1693731698861268,0.8667,0.6852,-0.146,-2.98165
1693731698927932,0.8669,0.6854,-0.1458,-2.98106
1693731698994613,0.8667,0.6854,-0.1459,-2.98688
1693731699061278,0.8667,0.6855,-0.1462,-2.99773
1693731699127934,0.8666,0.6852,-0.1463,-2.99131
1693731699194620,0.8665,0.6851,-0.1462,-2.98842
1693731699261285,0.8665,0.6851,-0.1461,-2.98141
1693731699327949,0.8667,0.6853,-0.1461,-2.97689
1693731699394636,0.8668,0.6854,-0.1459,-2.97578
1693731699461301,0.8672,0.6859,-0.1455,-2.97117
1693731699527967,0.8675,0.6861,-0.1454,-2.97484
1693731699594646,0.8673,0.6858,-0.1456,-2.98209
1693731699661311,0.8677,0.6861,-0.1457,-2.97148
1693731699727976,0.8678,0.6863,-0.1457,-2.97042
1693731699794651,0.8677,0.6863,-0.1457,-2.97145
1693731699861316,0.8671,0.6857,-0.1458,-2.97362
1693731699927984,0.8671,0.6856,-0.1459,-2.97798
1693731699994666,0.8671,0.6856,-0.1458,-2.97544
1693731700061334,0.8671,0.6855,-0.1458,-2.98245
1693731700128000,0.8671,0.6854,-0.1461,-2.99217
1693731700194679,0.8672,0.6854,-0.1461,-2.99261
1693731700261344,0.8669,0.6852,-0.1462,-2.99505
1693731700328015,0.8666,0.685,-0.1462,-2.98738
1693731700394696,0.8667,0.6851,-0.1465,-2.99244
1693731700461363,0.8673,0.6856,-0.1468,-2.97735
1693731700528031,0.8678,0.6857,-0.1462,-2.97343
1693731700594756,0.8709,0.6881,-0.1454,-2.94332
1693731700661419,0.8707,0.6822,-0.1458,-2.30211
1693731700728080,0.8481,0.6775,-0.165,-1.05761
1693731700794752,1.0356,0.5941,-0.1812,-1.17768
1693731700861653,1.1657,-0.1609,1.2846,-1.39443
1693731700928291,1.2044,0.1528,1.8319,-1.43875
1693731700994944,1.2213,0.1478,1.8528,-1.50994
1693731701061588,1.4539,-0.3906,2.0956,-1.5993
1693731701128238,1.4553,-0.4878,2.1627,-1.63971
1693731701194894,1.4856,-0.1528,2.7345,-1.64297
1693731701261547,1.5944,-1.1013,2.7583,-1.60477
1693731701328204,1.6299,-1.21,2.8993,-1.60882
1693731701394871,1.5159,-1.3023,2.9625,-1.59264
1693731701461528,1.5315,-1.4991,2.993,-1.60905
1693731701528188,1.6927,-2.2785,2.7705,-1.59907
1693731701594851,1.7037,-2.4693,2.7619,-1.53061
1693731701661508,1.6941,-2.4632,2.7202,-1.55207
1693731701728172,1.6417,-2.622,2.6701,-1.57987
1693731701804841,1.6574,-2.547,2.6126,-1.58757
1693731701871558,1.6823,-2.5909,2.5338,-1.63677
1693731701938217,1.7135,-2.5591,2.4963,-1.64033
1693731702010148,1.74,-2.5585,2.436,-1.59633
1693731702076780,1.696,-2.2047,2.8981,-1.57095
1693731702143416,1.6809,-1.9716,2.9363,-1.62103
1693731702210296,1.6255,-1.8802,2.8479,-1.63093
1693731702276914,1.5961,-1.9177,2.8125,-1.61135
1693731702343541,1.5889,-1.9828,2.7788,-1.60226
1693731702410174,1.6125,-2.0657,2.7451,-1.60488
1693731702476804,1.6961,-2.086,2.7082,-1.6104
1693731702543437,1.7065,-2.1026,2.7136,-1.65892
1693731702610077,1.7208,-2.1393,2.7591,-1.66146
1693731702676716,1.7352,-2.1781,2.8036,-1.66255
1693731702743359,1.8513,-1.9271,2.9934,-1.69342
1693731702810021,1.92,-1.8622,3.0608,-1.71118
1693731702876668,1.9692,-1.7267,3.3009,-1.70532
1693731702943317,2.0314,-1.6792,3.4223,-1.70626
1693731703009968,2.2154,-1.6372,3.5181,-1.73707
1693731703076630,2.2534,-1.6328,3.59,-1.73574
1693731703143284,2.2202,-1.4342,3.7361,-1.75036
1693731703209949,2.2386,-1.4502,3.733,-1.73527
1693731703276606,2.0952,-3.4413,3.8578,-1.77212
1693731703343262,1.9106,-4.8275,3.5169,-1.74182
1693731703409933,1.881,-5.0577,3.5126,-1.78003
1693731703476589,1.841,-5.2061,3.4588,-1.81283
1693731703543246,2.1271,-5.1704,3.4918,-1.82702
1693731703609919,2.2009,-5.171,3.4393,-1.86174
1693731703676582,2.2028,-5.1183,3.4523,-1.88135
1693731703743241,2.1896,-5.0957,3.4424,-1.85929
1693731703809917,2.2517,-4.9996,3.4276,-1.86986
1693731703876580,2.3,-4.9113,3.3759,-1.88861
1693731703943246,2.3585,-4.3732,3.4431,-1.87545
1693731704009919,1.9479,-4.208,3.3337,-1.88645
1693731704076585,1.9428,-4.205,3.2837,-1.88827
1693731704143247,2.6379,-4.0511,2.6207,-1.86609
1693731704209926,2.6817,-4.0751,2.5699,-1.90886
1693731704276592,2.6986,-3.9721,2.5402,-1.91517
1693731704343259,2.7123,-3.8607,2.5778,-1.8999
1693731704409934,2.7013,-3.8012,2.6351,-1.89361
1693731704476841,2.7372,-3.826,2.6134,-1.89444
1693731704543481,2.7335,-3.9071,2.6097,-1.90048
1693731704610136,2.6874,-3.935,2.5926,-1.91211
1693731704676789,2.6521,-3.9641,2.4941,-1.92097
1693731704743437,2.6188,-4.1073,2.2255,-1.9518
1693731704810097,2.5391,-4.5537,1.9992,-2.04113
1693731704876759,2.4713,-4.604,1.9285,-2.04842
1693731704943408,2.4736,-4.6049,1.8933,-2.07605
1693731705010071,2.4786,-4.4906,1.937,-2.04825
1693731705076727,2.4867,-4.537,1.893,-2.05167
1693731705143388,2.4948,-4.56,1.8666,-2.0462
1693731705210056,2.5447,-4.3273,2.0312,-2.00191
1693731705276724,2.5608,-4.3459,2.0034,-2.00131
1693731705343379,2.5848,-4.4534,1.9268,-2.02369
1693731705410290,2.5016,-2.4774,2.4376,-1.89548
1693731705476927,2.5147,-1.8988,2.6022,-1.89699
1693731705543567,2.5207,-1.6768,2.6803,-1.8845
1693731705610228,2.5041,-1.4754,2.7757,-1.85567
1693731705676873,2.4778,-1.375,2.799,-1.84858
1693731705743519,2.4503,-1.2387,2.8522,-1.81803
1693731705810178,2.4292,-1.1704,2.8681,-1.79946
1693731705876823,2.4074,-1.1333,2.886,-1.80391
1693731705943480,2.1509,-0.478,2.8054,-1.72268
1693731706010147,1.9857,-0.3415,2.7976,-1.76997
1693731706076801,1.884,-0.1608,2.8697,-1.76798
1693731706143461,1.8143,0.1555,2.9402,-1.74461
1693731706210124,1.4626,1.2368,1.3606,-2.0431
1693731706276780,1.4369,1.5132,0.9573,-2.06649
1693731706343439,1.4519,1.5444,0.8515,-2.03136
1693731706410108,1.4596,1.5117,0.8296,-2.02759
1693731706476770,1.4518,1.4772,0.7948,-2.05503
1693731706543430,1.4399,1.4441,0.7752,-2.09645
1693731706610101,1.4291,1.3984,0.7497,-2.16806
1693731706676762,1.4165,1.3889,0.7044,-2.23456
1693731706743428,1.4007,1.3249,0.6803,-2.38554
1693731706810097,1.4381,1.3839,0.6501,-2.58048
1693731706876761,1.4498,1.4912,0.6561,-2.68426
1693731706943424,1.4917,1.6004,0.6988,-2.74086
1693731707010098,1.5426,1.5881,0.7234,-2.83065
1693731707143445,1.3583,1.4091,0.2285,-2.60195
1693731707210118,1.3503,1.347,0.2427,-2.52897
1693731707276781,1.3557,1.3948,0.2791,-2.44454
1693731707343451,1.4014,1.3788,0.3286,-2.30729
1693731707476788,1.5663,1.8511,0.4594,-2.48839
1693731707543455,1.4472,1.6016,0.3762,-2.15627
1693731707610128,1.5222,1.7626,0.3085,-2.13612
1693731707676794,1.7079,2.1305,0.2889,-2.11887
1693731707743458,1.789,2.308,0.2759,-2.06273
1693731707810126,1.8135,2.4084,0.2582,-2.04671
1693731707876801,1.8223,2.3818,0.3799,-1.97961
1693731707943468,1.781,2.1886,0.5549,-1.79925
1693731708010146,1.8369,2.0344,0.6624,-1.52714
1693731708076811,1.8544,2.0922,0.6535,-1.52389
1693731708143477,1.9335,2.1482,0.6082,-1.53622
1693731708210154,1.9548,2.1964,0.6418,-1.49695
1693731708276819,1.8667,1.6069,0.7049,-1.31153
1693731708343477,1.8654,1.5631,0.6974,-1.2787
1693731708410164,1.8852,1.5988,0.6502,-1.23473
1693731708476830,1.9005,1.6464,0.6097,-1.21818
1693731708543497,1.8858,1.6809,0.5574,-1.18987
1693731708610171,1.9119,1.717,0.5074,-1.16884
1693731708676841,1.9205,1.7276,0.461,-1.16695
1693731708743502,1.9785,1.7303,0.4221,-1.17689
1693731708810177,2.011,1.7343,0.3915,-1.17344
1693731708876844,2.0673,1.7269,0.3561,-1.15177
1693731708943512,2.0887,1.7281,0.3279,-1.13154
1693731709010178,2.1124,1.7198,0.3032,-1.12475
1693731709076848,2.1469,1.7168,0.2743,-1.12044
1693731709143517,2.1833,1.7073,0.2492,-1.12547
1693731709210196,2.2098,1.6966,0.2282,-1.13186
1693731709276863,2.2873,1.6788,0.1962,-1.14568
1693731709343530,2.2902,1.6847,0.1707,-1.17924
1693731709410209,2.3091,1.6732,0.1445,-1.22852
1693731709476867,2.3363,1.6699,0.1206,-1.28416
1693731709543536,2.3481,1.6653,0.0959,-1.30794
1693731709610211,2.366,1.6771,0.0884,-1.3251
1693731709676879,2.3768,1.6901,0.0977,-1.33358
1693731709743547,2.4308,1.6882,0.1011,-1.32943
1693731709810227,2.4833,1.6934,0.1038,-1.33723
1693731709876897,2.5227,1.6972,0.1141,-1.35642
1693731709943601,2.5634,1.6965,0.1253,-1.33985
1693731710010273,2.6339,1.6855,0.1282,-1.34221
1693731710076939,2.7025,1.6699,0.1343,-1.2956
1693731710143604,2.7421,1.6383,0.1324,-1.25614
1693731710210279,2.8041,1.6402,0.1353,-1.22783
1693731710276942,2.8437,1.6644,0.1407,-1.21716
1693731710343610,2.9201,1.6973,0.1497,-1.18374
1693731710410282,3.0084,1.6114,0.1533,-1.10001
1693731710476948,3.0165,1.7689,0.1639,-1.16209
1693731710543614,3.1173,1.7103,0.1796,-1.08961
1693731710610291,3.2138,1.6818,0.1712,-1.01141
1693731710676947,3.2991,1.6583,0.1594,-0.95952
1693731710743615,3.3761,1.6781,0.1437,-0.96381
1693731710810289,3.4368,1.6946,0.1318,-0.9523
1693731710876956,3.5113,1.6887,0.1021,-0.8962
1693731710943622,3.592,1.7082,0.108,-0.90085
1693731711010304,3.666,1.7321,0.1082,-0.89644
1693731711076969,3.7259,1.7873,0.1039,-0.92315
1693731711143638,3.8104,1.7921,0.1025,-0.89087
1693731711210316,3.8558,1.9118,0.0936,-0.90331
1693731711276983,3.9124,1.926,0.0851,-0.85006
1693731711343684,3.9865,1.961,0.0758,-0.8158
1693731711410360,4.1241,1.7924,0.0802,-0.68044
1693731711543834,4.3511,1.8021,0.0828,-0.52399
1693731711610493,4.4005,1.8369,0.1109,-0.51441
1693731711677146,4.4591,1.8842,0.1266,-0.4854
1693731711743801,4.5431,1.9355,0.1446,-0.43357
1693731711810465,4.6549,1.9895,0.148,-0.36546
1693731711877119,4.6756,2.0451,0.1674,-0.32281
1693731711943777,4.7772,2.1201,0.1736,-0.25176
1693731712010443,4.8321,2.1469,0.1766,-0.25576
1693731712077095,4.8163,2.2253,0.1952,-0.24669
1693731712143758,4.8518,2.2897,0.2059,-0.21915
1693731712210430,4.8961,2.3501,0.2205,-0.2161
1693731712277093,4.9292,2.409,0.2373,-0.20451
1693731712343768,4.982,2.4701,0.2459,-0.1846
1693731712410438,5.0312,2.5285,0.252,-0.13919
1693731712477098,5.0818,2.5844,0.2548,-0.11048
1693731712543773,5.1338,2.6419,0.2551,-0.08771
1693731712610449,5.1866,2.6996,0.2588,-0.05726
1693731712677110,5.2406,2.761,0.2641,-0.02362
1693731712743769,5.3035,2.8179,0.2722,0.01945
1693731712810436,5.3371,2.8854,0.2823,0.04366
1693731712877099,5.3656,2.9532,0.2919,0.05691
1693731712943776,5.4081,3.0203,0.2968,0.08253
1693731713010449,5.4502,3.0861,0.3037,0.12672
1693731713077112,5.4844,3.1477,0.3087,0.14811
1693731713143775,5.5094,3.2131,0.3136,0.1802
1693731713210446,5.5385,3.2801,0.3179,0.19655
1693731713277113,5.5697,3.3522,0.3251,0.23888
1693731713343777,5.5856,3.41,0.3315,0.29384
1693731713410442,5.5905,3.4712,0.3376,0.2964
1693731713477116,5.6091,3.5324,0.3426,0.32522
1693731713543782,5.6265,3.5898,0.3492,0.3467
1693731713610498,5.6417,3.6406,0.3447,0.3863
1693731713677162,5.6403,3.6776,0.3517,0.42934
1693731713743834,5.6274,3.7059,0.3546,0.48341
1693731713877276,3.7445,2.8256,0.3489,-0.62039
1693731713943928,3.9984,3.042,0.3623,-0.71576
1693731714010590,4.0608,3.0745,0.3727,-0.64927
1693731714077245,4.0622,3.081,0.3844,-0.61419
1693731714143897,4.0603,3.0953,0.3791,-0.5706
1693731714210553,4.0885,3.1148,0.3704,-0.52576
1693731714277220,4.2464,3.1547,0.3611,-0.44811
1693731714343879,4.6793,3.6638,0.3552,-0.61666
1693731714410546,4.7438,3.7314,0.3424,-0.47944
1693731714477207,4.7677,3.7508,0.3345,-0.39919
1693731714543882,4.7924,3.7707,0.3347,-0.31256
1693731714605552,4.8172,3.789,0.338,-0.22842
1693731714672214,4.8312,3.8113,0.3403,-0.13933
1693731714738875,4.8578,3.834,0.3421,-0.07817
1693731714800546,4.8708,3.8555,0.3416,-0.02216
1693731714867208,4.8781,3.8796,0.3388,0.04717
1693731714933868,4.8916,3.9013,0.3353,0.12429
1693731714995547,4.895,3.9216,0.3338,0.20289
1693731715062210,4.898,3.9408,0.3299,0.28094
1693731715128877,4.9096,3.958,0.3287,0.35002
1693731715195551,4.9143,3.9739,0.3332,0.43336
1693731715262230,4.9073,3.9935,0.3343,0.49985
1693731715328893,4.8873,4.0182,0.3409,0.56055
1693731715395567,4.8858,4.0432,0.352,0.63161
1693731715462231,4.9138,4.0698,0.3608,0.69761
1693731715528896,4.8895,4.094,0.3625,0.75714
1693731715595573,4.8554,4.118,0.3602,0.81039
1693731715662229,4.8348,4.1428,0.3567,0.86542
1693731715728906,4.8209,4.171,0.3518,0.9263
1693731715795586,4.8022,4.2009,0.3467,0.97862
1693731715862268,4.7836,4.228,0.3471,1.045
1693731715928931,4.765,4.2547,0.3397,1.10723
1693731716000603,4.7313,4.2846,0.3333,1.14748
1693731716067267,4.7001,4.3131,0.3251,1.21059
1693731716133928,4.6704,4.3371,0.3109,1.25812
1693731716205601,4.6384,4.3681,0.2969,1.29994
1693731716272267,4.607,4.3908,0.2835,1.35276
1693731716338921,4.5652,4.4185,0.2722,1.41696
1693731716410600,4.5081,4.4641,0.2539,1.50303
1693731716477265,4.4639,4.4916,0.2462,1.56231
1693731716543940,4.4179,4.5165,0.2445,1.63613
1693731716610614,4.3668,4.5512,0.2477,1.71699
1693731716677279,4.3151,4.5726,0.2545,1.80475
1693731716743944,4.2709,4.5752,0.2619,1.86653
1693731716810617,4.214,4.5965,0.2628,1.95048
1693731716877324,4.1578,4.6019,0.2643,2.01204
1693731716943983,4.0966,4.5949,0.2631,2.07254
1693731717010655,4.0434,4.5829,0.2574,2.13175
1693731717077318,3.9852,4.5651,0.2491,2.16294
1693731717143984,3.928,4.552,0.2444,2.19917
1693731717210654,3.8721,4.537,0.2424,2.23631
1693731717277349,3.8144,4.522,0.2421,2.27156
1693731717410833,3.6996,4.4873,0.2374,2.36236
1693731717477514,3.6469,4.4635,0.2331,2.36811
1693731717544166,3.5824,4.4387,0.2251,2.39855
1693731717610820,3.5118,4.4151,0.2112,2.42417
1693731717677530,3.4396,4.3905,0.201,2.46176
1693731717744177,3.3582,4.3659,0.1924,2.48842
1693731717810836,3.2882,4.3372,0.193,2.51506
1693731717877486,3.2089,4.305,0.1932,2.54354
1693731717944139,3.1246,4.2664,0.1966,2.57805
1693731718010803,3.0607,4.225,0.1942,2.61974
1693731718077494,3.0519,4.183,0.194,2.66046
1693731718144147,3.0076,4.1379,0.1891,2.71558
1693731718210813,2.965,4.0886,0.1847,2.76024
1693731718277468,2.931,4.0437,0.1749,2.76095
1693731718344130,2.884,3.9972,0.1722,2.77686
1693731718410798,2.8408,3.9564,0.1689,2.76433
1693731718477457,2.7864,3.9116,0.1641,2.76496
1693731718610819,2.7072,3.8211,0.1565,2.79629
1693731718677478,2.6678,3.7727,0.1538,2.82447
1693731718744133,2.6163,3.7147,0.1468,2.86318
1693731718810810,2.5774,3.6604,0.1399,2.8984
1693731718877487,2.5348,3.6049,0.1329,2.92896
1693731718944152,2.4975,3.5506,0.1306,2.94976
1693731719010822,2.4407,3.4932,0.1304,2.98901
1693731719077479,2.3872,3.4484,0.1354,3.05689
1693731719144141,2.3588,3.4087,0.141,3.05698
1693731719210849,2.3404,3.3706,0.1448,3.07022
1693731719277509,2.3323,3.301,0.1444,3.10984
1693731719344170,2.3153,3.2305,0.1385,3.14075
1693731719410841,2.3096,3.1496,0.1295,-3.11288
1693731719477500,2.2818,3.0727,0.1278,-3.10342
1693731719544164,2.258,2.9989,0.122,-3.08591
1693731719610837,2.2181,2.9313,0.1213,-3.09744
1693731719677500,2.1811,2.8593,0.1272,-3.09457
1693731719744164,2.1597,2.7974,0.141,-3.08751
1693731719810837,2.1532,2.7319,0.1518,-3.08785
1693731719877500,2.1237,2.6594,0.1519,-3.06869
1693731719944168,2.0907,2.5959,0.1527,-3.06196
1693731720010838,2.0463,2.5055,0.1509,-3.0131
1693731720077503,2.0165,2.4414,0.15,-3.01064
1693731720144170,2.0,2.3459,0.1495,-2.98487
1693731720210847,1.9901,2.2434,0.1561,-2.97706
1693731720277511,1.9796,2.1662,0.1588,-2.98615
1693731720344181,1.9724,2.1026,0.1649,-2.99597
1693731720410855,1.9516,2.0397,0.166,-2.99874
1693731720477521,1.9643,1.9874,0.1675,-3.02097
1693731720544187,1.9785,1.9263,0.1646,-3.03055
1693731720610864,1.9874,1.8652,0.1546,-3.05469
1693731720677529,2.0056,1.8073,0.1486,-3.09579
1693731720744198,2.0267,1.7497,0.1444,-3.13382
1693731720810872,2.0501,1.6915,0.1475,3.09402
1693731720877539,2.0584,1.6325,0.1548,3.05447
1693731720944208,2.0664,1.5654,0.1627,3.0334
1693731721010881,2.0857,1.5025,0.1691,3.00839
1693731721077545,2.1224,1.4384,0.1698,2.97201
1693731721144212,2.1473,1.3685,0.1679,2.94872
1693731721277552,2.1435,1.2334,0.151,2.91302
1693731721344218,2.1419,1.1624,0.1493,2.89614
1693731721477559,2.1037,1.0393,0.1471,2.77852
1693731721544229,2.0935,0.9746,0.1504,2.77477
1693731721610903,2.0945,0.9189,0.1514,2.75041
1693731721677572,2.0924,0.8614,0.1522,2.73401
1693731721744240,2.0977,0.8072,0.1506,2.70417
1693731721810915,2.1026,0.759,0.1459,2.64838
1693731721877581,2.0798,0.7,0.1498,2.6203
1693731721944248,2.0656,0.6523,0.1467,2.58222
1693731722010914,2.0662,0.5979,0.155,2.55145
1693731722077562,2.0637,0.5453,0.1666,2.53667
1693731722144240,2.0574,0.4913,0.1622,2.52702
1693731722210915,2.0262,0.4426,0.1616,2.50322
1693731722277583,2.0233,0.3863,0.1434,2.46532
1693731722344252,1.9684,0.3331,0.1295,2.42865
1693731722410925,1.9283,0.2805,0.1137,2.39136
1693731722477592,1.897,0.2248,0.1007,2.32625
1693731722544259,1.875,0.1799,0.0974,2.24683
1693731722610930,1.8511,0.1289,0.0954,2.22528
1693731722677589,1.8448,0.0787,0.0994,2.1991
1693731722744251,1.847,0.0322,0.1035,2.19445
1693731722810921,1.8626,-0.0115,0.1104,2.21382
1693731722877591,1.8749,-0.0457,0.1169,2.23483
1693731722944261,1.8975,-0.0739,0.1161,2.25811
1693731723010940,1.9055,-0.0995,0.1186,2.25196
1693731723077607,1.9161,-0.122,0.1241,2.2091
1693731723144279,1.9248,-0.1419,0.1255,2.173
1693731723210947,1.9361,-0.1654,0.1254,2.18367
1693731723277620,1.9362,-0.1835,0.1305,2.19292
1693731723344289,1.94,-0.2022,0.1362,2.1522
1693731723410967,1.9412,-0.2132,0.1303,2.08989
1693731723477634,1.9467,-0.2167,0.1323,2.10314
1693731723544304,1.9466,-0.2307,0.1354,2.10245
1693731723610981,1.9523,-0.2376,0.1374,2.10653
1693731723677651,1.9579,-0.2554,0.1375,2.13922
1693731723744321,1.9579,-0.2663,0.1385,2.17062
1693731723810991,1.959,-0.2737,0.1393,2.17718
1693731723877658,1.982,-0.3468,0.1373,2.15658
1693731723944329,1.9793,-0.2004,0.1486,2.17596
1693731724011001,1.7106,-0.1944,0.2376,1.90745
1693731724077782,1.1544,-0.2423,0.1909,1.36971
1693731724144440,1.1072,-0.2157,0.1005,1.25258
1693731724211180,1.0569,-0.2194,0.0872,1.2417
1693731724277954,1.0051,-0.2334,0.0856,1.23808
1693731724344597,0.9363,0.0683,0.0577,1.20127
1693731724411333,0.8843,0.0726,0.0525,1.19778
1693731724478094,0.8507,0.1507,0.0067,1.2473
1693731724544725,0.8047,0.1733,-0.0099,1.25686
1693731724611467,0.755,0.1845,-0.0195,1.25333
1693731724678096,0.7579,0.2972,-0.1195,1.30044
1693731724811378,0.6906,0.3789,-0.1831,1.36576
1693731724878017,0.882,0.6465,-0.1812,0.83612
1693731724944765,0.9106,0.7072,-0.2149,-1.86033
1693731725011407,0.9097,0.7113,-0.23,-2.39463
1693731725078043,0.9098,0.7111,-0.2314,-2.40314
1693731725144683,0.9097,0.711,-0.2323,-2.39247
1693731725211331,0.9099,0.7107,-0.2322,-2.39951
1693731725277974,0.9099,0.7102,-0.2322,-2.39629
1693731725344712,0.91,0.71,-0.2321,-2.3986
1693731725411366,0.9102,0.7097,-0.2319,-2.39896
1693731725478008,0.9104,0.7094,-0.2318,-2.39765
1693731725544651,0.9107,0.7095,-0.2315,-2.39879
1693731725677962,0.9111,0.7097,-0.2312,-2.38572
1693731725744726,0.9115,0.7094,-0.2309,-2.39178
1693731725806377,0.9116,0.7092,-0.2308,-2.39281
1693731725873020,0.9117,0.7087,-0.2302,-2.39906
1693731725939664,0.9118,0.7086,-0.23,-2.39383
1693731725996325,0.9122,0.7083,-0.2298,-2.39606
1693731726062977,0.9124,0.7081,-0.2298,-2.38949
1693731726129627,0.9129,0.7082,-0.2295,-2.39185
1693731726196282,0.9134,0.7088,-0.2289,-2.39523
1693731726262949,0.9138,0.7089,-0.2285,-2.39414
1693731726329604,0.9138,0.7088,-0.2283,-2.38716
1693731726396271,0.9141,0.7088,-0.228,-2.39123
1693731726462931,0.9143,0.7087,-0.2275,-2.39112
1693731726529588,0.9146,0.7086,-0.2272,-2.38678
1693731726596257,0.9146,0.7085,-0.2271,-2.37903
1693731726662918,0.9148,0.7086,-0.2271,-2.37959
1693731726729577,0.9146,0.7088,-0.2271,-2.37811
1693731726796248,0.9147,0.7086,-0.227,-2.38182
1693731726862904,0.9148,0.7087,-0.2271,-2.38111
1693731726929575,0.9147,0.7089,-0.2272,-2.38038
1693731726996251,0.9146,0.7092,-0.2279,-2.36944
1693731727062914,0.9144,0.7093,-0.2281,-2.37381
1693731727129577,0.9144,0.7096,-0.2281,-2.37325
1693731727196254,0.9147,0.7093,-0.2275,-2.38758
1693731727262918,0.9148,0.7092,-0.2272,-2.37645
1693731727329582,0.9148,0.7091,-0.2274,-2.3787
1693731727396257,0.9147,0.7092,-0.2274,-2.37878
1693731727462921,0.9147,0.709,-0.2274,-2.37849
1693731727529587,0.9149,0.709,-0.2276,-2.37443
1693731727596261,0.915,0.709,-0.2272,-2.37851
1693731727662929,0.9135,0.7112,-0.2281,-2.37542
1693731727729596,0.9149,0.7094,-0.2269,-2.37637
1693731727796271,0.9151,0.7089,-0.2268,-2.37432
1693731727862936,0.9153,0.7091,-0.2268,-2.37315
1693731727929604,0.9152,0.7092,-0.2268,-2.372
1693731728062947,0.9155,0.709,-0.2265,-2.36818
1693731728129600,0.9159,0.7093,-0.2265,-2.36257
1693731728196278,0.9156,0.7097,-0.2272,-2.35556
1693731728262945,0.9155,0.7097,-0.2271,-2.36453
1693731728329611,0.9156,0.7094,-0.2267,-2.37044
1693731728396286,0.9156,0.7095,-0.2268,-2.3577
1693731728462955,0.9151,0.71,-0.2286,-2.33321
1693731728529618,0.9148,0.7103,-0.2294,-2.33433
1693731728596298,0.9146,0.7101,-0.2295,-2.33462
1693731728662967,0.9146,0.7098,-0.2297,-2.3283
1693731728729636,0.9149,0.7095,-0.2294,-2.32795
1693731728796316,0.9148,0.7096,-0.2288,-2.33212
1693731728862984,0.9149,0.7095,-0.2282,-2.33888
1693731728929650,0.9149,0.7095,-0.2289,-2.32694
1693731728996328,0.9149,0.7098,-0.2294,-2.32739
1693731729062995,0.9149,0.7098,-0.2286,-2.34004
1693731729129662,0.915,0.7097,-0.2286,-2.33457
1693731729196341,0.9147,0.71,-0.2289,-2.33175
1693731729263009,0.915,0.71,-0.2298,-2.32284
1693731729329673,0.9155,0.7101,-0.2281,-2.356
1693731729463018,0.9153,0.7102,-0.2281,-2.31545
1693731729529684,0.9155,0.7102,-0.2281,-2.33547
1693731729596361,0.9154,0.7108,-0.2291,-2.31657
1693731729663029,0.9157,0.7111,-0.2281,-2.34242
1693731729729696,0.9172,0.7111,-0.2255,-2.36926
1693731729796375,0.9179,0.7114,-0.2243,-2.37275
1693731729863041,0.9179,0.7115,-0.2238,-2.3627
1693731729929709,0.9179,0.7115,-0.2239,-2.36243
1693731729996387,0.9186,0.7102,-0.2218,-2.37575
1693731730063055,0.9078,0.7144,-0.2062,-2.7459
1693731730129720,0.9111,0.7319,-0.2255,-2.02388
1693731730196397,-0.3831,1.7336,0.6532,1.69677
1693731730263062,-0.6998,2.9839,0.7882,1.22519
1693731730329731,-0.7228,3.1223,0.7999,1.34162
1693731730396406,-0.6554,3.1855,0.826,1.3558
1693731730463077,-0.5673,3.1666,0.7907,1.52346
1693731730529743,-0.5025,3.1853,0.7949,1.65584
1693731730596419,-0.4304,3.2004,0.7819,1.51114
1693731730663088,-0.3653,3.1965,0.7523,0.31245
1693731730729755,-0.3971,3.1134,0.7486,-0.36555
1693731730796431,-0.4073,3.1333,0.7593,-0.35485
1693731730863099,-0.3729,3.0804,0.7957,-0.21102
1693731730929765,-0.3565,3.053,0.7794,0.2518
1693731730996443,-0.3397,3.0874,0.7437,0.45774
1693731731063109,-0.386,3.0888,0.7068,0.67647
1693731731129777,-0.3581,3.1108,0.6848,0.48532
1693731731206451,-0.2358,3.1086,0.6863,0.45993
1693731731273119,-0.1007,3.1112,0.6943,0.45607
1693731731339786,0.0415,3.1191,0.705,0.48424
1693731731411463,0.1939,3.1827,0.7505,0.49695
1693731731478133,0.3716,3.2348,0.8432,0.67706
1693731731544804,0.4722,3.2355,0.8696,0.75821
1693731731611477,0.5027,3.2429,0.866,0.83351
1693731731678147,0.5014,3.2145,0.864,0.96599
1693731731744820,0.4968,3.1785,0.8655,0.96818
1693731731811498,0.4582,3.1441,0.8971,1.05507
1693731731878168,0.4044,3.1119,0.8996,1.13976
1693731731944837,0.3201,3.0563,0.8597,1.12764
1693731732078215,0.306,3.0949,0.8775,1.12556
1693731732144877,0.2885,3.3652,0.8134,1.30529
1693731732211550,0.2887,3.3616,0.8292,1.35162
1693731732278214,0.2826,3.3842,0.8265,1.36326
1693731732344883,0.1966,3.3206,0.7655,1.43158
1693731732411554,0.1424,3.3119,0.7254,1.4629
1693731732478218,0.1187,3.328,0.7106,1.47258
1693731732544885,0.0384,3.3033,0.667,1.48123
1693731732611559,-0.037,3.2765,0.6337,1.49121
1693731732678228,-0.1085,3.2344,0.6008,1.47093
1693731732744902,-0.402,3.065,0.5284,2.81672
1693731732811574,-0.4182,3.0196,0.2793,2.84147
1693731732878243,-0.4391,2.9708,0.2674,2.86144
1693731732944909,-0.4527,2.9088,0.2595,2.85255
1693731733011574,-0.4511,2.8174,0.2756,2.84971
1693731733078253,-0.4277,2.729,0.2818,2.82761
1693731733144921,-0.4227,2.6645,0.2825,2.84049
1693731733211596,-0.4108,2.5992,0.2854,2.84466
1693731733278268,-0.3928,2.5321,0.2846,2.85112
1693731733344933,-0.3727,2.4332,0.2785,2.87385
1693731733411609,-0.3719,2.3864,0.2723,2.86636
1693731733478276,-0.3502,2.3186,0.2722,2.84455
1693731733544949,-0.3426,2.2525,0.2776,2.82817
1693731733611625,-0.3253,2.2093,0.2799,2.81488
1693731733678291,-0.3332,2.1669,0.2727,2.81008
1693731733744963,-0.3128,2.0772,0.282,2.7811
1693731733811635,-0.2877,1.9961,0.2734,2.75489
1693731733878297,-0.2764,1.9157,0.26,2.73281
1693731733944965,-0.2775,1.8543,0.2511,2.72856
1693731734011637,-0.3037,1.7973,0.2454,2.78567
1693731734078308,-0.3286,1.7481,0.2519,2.84412
1693731734144974,-0.3549,1.6839,0.2615,2.86948
1693731734211649,-0.3512,1.6347,0.2674,2.85818
1693731734278316,-0.3393,1.5613,0.2725,2.82641
1693731734344982,-0.3701,1.4875,0.2806,2.84099
1693731734411661,-0.4321,1.4035,0.2839,2.97242
1693731734478330,-0.3943,1.3108,0.2816,3.00564
1693731734544995,-0.3037,1.2185,0.2765,2.99146
1693731734606669,-0.3151,1.155,0.2793,3.02774
1693731734673334,-0.3311,1.1019,0.2843,3.08094
1693731734740005,-0.33,1.0476,0.2939,3.1164
1693731734806677,-0.3659,0.9951,0.311,-3.11313
1693731734873343,-0.4897,0.9525,0.3247,-3.02386
1693731734940008,-0.6072,0.9094,0.3278,-2.93526
1693731735006672,-0.6765,0.8302,0.3283,-2.86034
1693731735073342,-0.7316,0.7382,0.3273,-2.78052
1693731735140011,-0.7545,0.6445,0.3227,-2.70314
1693731735206675,-0.7762,0.5587,0.3239,-2.60838
1693731735273336,-0.7523,0.4463,0.3394,-2.55205
1693731735340004,-0.7307,0.3738,0.3521,-2.47973
1693731735406682,-0.6907,0.3177,0.3695,-2.42604
1693731735473350,-0.6131,0.3194,0.3819,-2.39872
1693731735540008,-0.5652,0.2672,0.3908,-2.34583
1693731735606686,-0.6447,0.3075,0.3722,-2.17168
1693731735673356,-0.629,0.2518,0.358,-2.12886
1693731735740027,-0.6083,0.1915,0.3386,-2.03958
1693731735806705,-0.5814,0.1269,0.3141,-1.99255
1693731735873364,-0.5345,-0.014,0.3004,-1.93833
1693731735940038,-0.4793,-0.1022,0.2813,-1.87166
1693731736006715,-0.4366,-0.1725,0.2672,-1.83076
1693731736073375,-0.4001,-0.2163,0.2551,-1.80402
1693731736140045,-0.3604,-0.2133,0.2373,-1.72488
1693731736211720,-0.3112,-0.2412,0.2209,-1.68302
1693731736278394,-0.2593,-0.2976,0.2072,-1.68193
1693731736345065,-0.2353,-0.3679,0.1885,-1.68602
1693731736411743,-0.2131,-0.4688,0.169,-1.69378
1693731736478418,-0.0789,-0.6399,0.1556,-1.91874
1693731736545087,-0.0519,-0.7409,0.1476,-1.89191
1693731736611767,-0.0242,-0.8331,0.1414,-1.8692
1693731736678434,-0.0016,-0.9116,0.1327,-1.86129
1693731736745102,0.0484,-0.9612,0.117,-1.8595
1693731736811779,0.1925,-0.7898,0.0963,-1.91031
1693731736878446,0.2627,-0.7524,0.0766,-1.9101
1693731736945115,0.318,-0.7795,0.0603,-1.90989
1693731737011792,0.3792,-0.8142,0.0505,-1.9062
1693731737078461,0.3233,-0.9018,0.0416,-1.63057
1693731737145129,0.3756,-0.8985,0.0412,-1.65384
1693731737211801,0.4283,-0.8541,0.0492,-1.67742
1693731737278471,0.4585,-0.9324,0.0614,-1.67287
1693731737345137,0.4925,-1.0065,0.0766,-1.6603
1693731737411810,0.5304,-0.9573,0.0874,-1.75753
1693731737478476,0.562,-0.9391,0.0985,-1.80059
1693731737545146,0.6007,-1.006,0.1091,-1.79523
1693731737611821,0.5729,-1.0916,0.113,-1.7502
1693731737678490,0.6052,-2.2251,0.1548,-1.38648
1693731737745157,0.6677,-2.3382,0.1666,-1.42107
1693731737811834,0.6901,-2.3802,0.1777,-1.44772
1693731737878500,0.3077,-2.538,0.1809,-1.681
1693731737945168,0.2859,-2.6617,0.1873,-1.68258
1693731738011842,0.1864,-2.5211,0.1876,-1.79591
1693731738078511,0.1364,-2.4305,0.19,-1.84006
1693731738145178,-0.9998,-1.811,0.1969,-1.85787
1693731738278551,-1.0826,-1.7394,0.2033,-1.77446
1693731738345216,-1.049,-1.7172,0.2032,-1.80446
1693731738411888,-0.9912,-1.7862,0.2047,-1.79443
1693731738478555,-0.9957,-1.8894,0.206,-1.79577
1693731738545220,-1.0745,-1.9787,0.2066,-1.78594
1693731738611894,-1.1415,-2.0233,0.2086,-1.78152
1693731738678560,-1.2332,-2.0654,0.218,-1.75955
1693731738745227,-1.3043,-2.0637,0.2243,-1.76808
1693731738811900,-1.738,-1.7232,0.2191,-2.02681
1693731738878569,-2.1091,-1.0876,0.1935,-2.17713
1693731738945237,-2.2115,-0.9853,0.1998,-2.13707
1693731739011915,-2.1824,-1.0017,0.2127,-2.10585
1693731739078580,-2.1575,-1.0242,0.2309,-2.06528
1693731739145249,-2.2031,-0.8575,0.247,-2.12473
1693731739211925,-2.2703,-0.751,0.2576,-2.13693
1693731739278591,-2.2667,-0.6773,0.2688,-2.11211
1693731739345257,-2.2545,-0.6501,0.2678,-2.07672
1693731739411932,-2.1965,-0.6786,0.2712,-2.03925
1693731739478597,-2.099,-0.7464,0.2703,-1.98694
1693731739545267,-2.0459,-0.8295,0.2675,-1.94562
1693731739611940,-2.0028,-0.8629,0.266,-1.92094
1693731739678607,-2.0081,-0.8744,0.2674,-1.88707
1693731739745274,-1.9371,-0.8941,0.2732,-1.87599
1693731739811950,-1.9385,-0.9181,0.2792,-1.87946
1693731739878618,-1.9466,-0.9971,0.2828,-1.87833
1693731739945286,-1.9544,-1.0599,0.2882,-1.87549
1693731740011959,-1.9193,-1.2114,0.2963,-1.83703
1693731740078630,-1.9256,-1.2534,0.3003,-1.81479
1693731740145299,-1.8517,-1.3111,0.3048,-1.77207
1693731740211980,-1.8554,-1.2733,0.3107,-1.77653
1693731740345315,-1.5431,-1.5024,0.345,-1.54396
1693731740411991,-1.2744,-1.8923,0.3669,-1.44826
1693731740478657,-1.1926,-1.9325,0.3871,-1.4249
1693731740545320,-1.1263,-1.9276,0.4027,-1.41551
1693731740611997,-1.0418,-1.9614,0.4187,-1.36957
1693731740678665,-0.9408,-2.0148,0.429,-1.30017
1693731740745339,-0.8559,-2.0026,0.4394,-1.23035
1693731740812014,-0.7928,-1.9664,0.4504,-1.20929
1693731740878675,-0.723,-1.9393,0.4588,-1.18767
1693731740945350,-0.6512,-1.9461,0.4646,-1.11716
1693731741078722,-0.524,-1.8546,0.4616,-1.06832
1693731741145385,-0.482,-1.7602,0.4507,-1.05194
1693731741212058,-0.4085,-1.7214,0.4393,-1.04364
1693731741278723,-0.3303,-1.7043,0.4217,-1.04893
1693731741345387,-0.2736,-1.687,0.3966,-1.04495
1693731741412061,-0.196,-1.671,0.3585,-1.06185
1693731741478724,-0.1541,-1.6488,0.324,-1.06968
1693731741545389,-0.1106,-1.6019,0.3072,-1.07059
1693731741612065,-0.0633,-1.5773,0.2875,-1.04368
1693731741678728,-0.0204,-1.5493,0.2709,-1.03278
1693731741745392,0.0312,-1.5162,0.2486,-1.02346
1693731741812067,0.0691,-1.4773,0.224,-1.01412
1693731741878732,0.0948,-1.4204,0.1972,-1.01574
1693731741945398,0.1179,-1.3752,0.1695,-1.00624
1693731742012072,0.1791,-1.3582,0.1418,-0.98126
1693731742078738,0.2238,-1.3116,0.1169,-1.00105
1693731742145406,0.2534,-1.28,0.0938,-1.01886
1693731742212082,0.2859,-1.2554,0.0869,-1.05393
1693731742278750,0.3302,-1.2261,0.081,-1.07095
1693731742345415,0.3776,-1.1881,0.0875,-1.12616
1693731742412091,0.3985,-1.1617,0.0966,-1.20174
1693731742478760,0.4602,-1.1336,0.1044,-1.18375
1693731742545426,0.5064,-1.0894,0.1153,-1.18503
1693731742612102,0.5646,-1.0311,0.1255,-1.15818
1693731742678767,0.616,-0.9791,0.1266,-1.13891
1693731742745432,0.6716,-0.9312,0.1374,-1.10896
1693731742812110,0.6926,-0.894,0.1436,-1.11232
1693731742878779,0.6902,-0.8323,0.1559,-1.1122
1693731742945443,0.7203,-0.7919,0.1533,-1.11478
1693731743012119,0.0738,0.0358,0.1607,-1.38699
1693731743078786,0.0532,0.1747,0.1683,-1.35566
1693731743145455,0.0343,0.4279,0.1814,-1.3672
1693731743212129,0.0782,0.4759,0.1912,-1.33634
1693731743278796,0.1416,0.4957,0.1997,-1.31603
1693731743345462,0.1811,0.5046,0.214,-1.30691
1693731743412136,0.2381,0.4342,0.2252,-1.25377
1693731743478806,0.2832,0.4041,0.2387,-1.24115
1693731743545471,0.3482,0.3256,0.2468,-1.19251
1693731743678820,0.5374,0.1171,0.2482,-1.01012
1693731743745484,0.6966,0.0409,0.244,-0.94658
1693731743812165,0.789,0.0163,0.2431,-0.92555
1693731743878834,0.8678,-0.009,0.238,-0.89881
1693731743945501,0.9286,0.0079,0.2333,-0.90027
1693731744012179,1.0292,0.0375,0.2577,-0.88853
1693731744078848,1.1281,0.0601,0.2521,-0.84047
1693731744145514,1.2221,0.0981,0.2651,-0.80546
1693731744212193,1.2376,0.2537,0.2745,-0.80581
1693731744278862,1.2907,0.3116,0.2776,-0.76969
1693731744345531,1.356,0.2828,0.2781,-0.73647
1693731744412209,1.4672,0.3876,0.2626,-0.6831
1693731744478877,1.5475,0.3684,0.256,-0.62998
1693731744545537,1.6549,0.1805,0.2657,-0.58068
1693731744612213,1.739,0.1458,0.2716,-0.50961
1693731744678880,1.8083,0.175,0.2845,-0.47709
1693731744745539,1.8705,0.1957,0.2912,-0.47566
1693731744812217,1.9897,0.2091,0.312,-0.45091
1693731744878884,2.1264,0.1821,0.3238,-0.41131
1693731744945545,2.2325,0.1808,0.3275,-0.3751
1693731745012224,2.3123,0.193,0.3318,-0.37074
1693731745078894,2.3764,0.2048,0.3374,-0.37203
1693731745145560,2.4278,0.229,0.3244,-0.35272
1693731745212238,2.4992,0.2718,0.3204,-0.32231
1693731745278907,2.5362,0.3243,0.3318,-0.27447
1693731745345572,2.5458,0.3634,0.3563,-0.22781
1693731745412250,2.3871,0.359,0.469,-0.25207
1693731745478920,2.436,0.3673,0.4867,-0.24688
1693731745545588,2.4467,0.3583,0.5106,-0.1985
1693731745612268,2.4882,0.3509,0.5162,-0.18305
1693731745678941,2.5392,0.3446,0.5067,-0.11056
1693731745745605,2.5819,0.3653,0.5018,-0.05576
1693731745812284,2.6676,0.3978,0.5006,-0.02032
1693731745878952,2.808,0.3988,0.4999,0.04795
1693731745945620,1.6908,-0.3667,0.368,-0.08272
1693731746012299,1.5017,-0.4538,0.3573,-0.12016
1693731746078966,0.8331,-0.6706,0.3376,-0.55949
1693731746145630,0.6516,-1.0811,0.3009,-0.65512
1693731746212309,0.6767,-1.1122,0.2946,-0.64164
1693731746278977,0.7322,-1.0957,0.2886,-0.62834
1693731746345646,0.7946,-1.0706,0.2766,-0.58884
1693731746412322,0.8693,-1.0417,0.2674,-0.56102
1693731746478992,0.9303,-1.0095,0.268,-0.53401
1693731746545658,1.0125,-0.974,0.2715,-0.46764
1693731746612335,1.0693,-0.9281,0.2783,-0.42113
1693731746679001,1.1351,-0.8874,0.2911,-0.3943
1693731746745668,1.1754,-0.8449,0.2966,-0.34878
1693731746812343,1.2229,-0.8035,0.2981,-0.29544
1693731746879012,1.2458,-0.7586,0.3,-0.2651
1693731746945670,1.2994,-0.7195,0.2899,-0.2495
1693731747012346,1.3542,-0.6773,0.2883,-0.26223
1693731747079013,1.4038,-0.637,0.2876,-0.2619
1693731747145682,1.448,-0.5922,0.29,-0.27208
1693731747212362,1.4931,-0.5524,0.2957,-0.27555
1693731747279031,1.5379,-0.5153,0.3055,-0.26931
1693731747345698,1.5786,-0.4712,0.3027,-0.24038
1693731747412377,1.6285,-0.424,0.3012,-0.23025
1693731747545714,1.7057,-0.3318,0.2799,-0.17521
1693731747612388,1.743,-0.284,0.2728,-0.16573
1693731747679058,1.79,-0.2328,0.264,-0.14305
1693731747745725,1.8378,-0.1748,0.2679,-0.10864
1693731747812405,1.8731,-0.1208,0.271,-0.08633
1693731747879073,1.9009,-0.0643,0.2787,-0.07331
1693731747945742,1.9231,-0.009,0.2836,-0.06139
1693731748079090,1.9538,0.086,0.2857,0.04541
1693731748145756,1.9703,0.1321,0.2846,0.0433
1693731748212435,1.9866,0.1818,0.287,0.06611
1693731748279103,2.0102,0.2351,0.2974,0.07092
1693731748345767,2.0288,0.2878,0.3072,0.07194
1693731748412442,2.0556,0.3415,0.3158,0.07228
1693731748479108,2.0775,0.3929,0.3327,0.04302
1693731748545775,2.0985,0.4437,0.3438,0.0533
1693731748612454,2.1171,0.4894,0.3459,0.06371
1693731748679120,2.1379,0.5376,0.3354,0.05309
1693731748812463,2.1817,0.6421,0.3072,0.03948
1693731748879132,2.195,0.6985,0.2949,0.06179
1693731748945800,2.2145,0.7598,0.2885,0.07086
1693731749012480,2.2244,0.8185,0.2864,0.09465
1693731749079147,2.2364,0.8811,0.2828,0.10404
1693731749145814,2.2516,0.9425,0.2805,0.09121
1693731749212490,2.2598,1.0013,0.2715,0.07636
1693731749279156,2.2701,1.0551,0.2558,0.09068
1693731749345822,2.2793,1.1125,0.2411,0.09042
1693731749412501,2.2908,1.1684,0.2231,0.09474
1693731749479169,2.2963,1.2184,0.2089,0.08442
1693731749545836,2.3063,1.2737,0.2019,0.09978
1693731749612507,2.3047,1.3238,0.1963,0.08702
1693731749679173,2.3124,1.3705,0.1939,0.08156
1693731749745838,2.3225,1.4122,0.1942,0.07059
1693731749812513,2.3356,1.4469,0.1937,0.04937
1693731749879177,2.3513,1.4731,0.1889,0.0631
1693731749945845,2.3606,1.4995,0.1827,0.08695
1693731750079189,2.4096,1.5527,0.1647,0.16386
1693731750145856,2.4157,1.5806,0.1461,0.09821
1693731750212534,2.4118,1.6032,0.1314,0.09437
1693731750279200,2.3916,1.6182,0.118,0.08055
1693731750345867,2.359,1.6277,0.106,0.08724
1693731750412544,2.3492,1.6256,0.1052,0.08523
1693731750479211,2.3179,1.6232,0.0975,0.09844
1693731750545876,2.3015,1.6184,0.088,0.10748
1693731750612554,2.2836,1.6152,0.0848,0.112
1693731750679221,2.272,1.6119,0.0845,0.12849
1693731750745888,2.2668,1.6023,0.0811,0.14232
1693731750812564,2.2612,1.6005,0.0812,0.11479
1693731750879233,2.2664,1.5995,0.0853,0.04232
1693731750945897,2.2579,1.5953,0.0835,0.00289
1693731751012577,2.2571,1.5905,0.0812,0.02208
1693731751079243,2.2531,1.5885,0.081,0.00338
1693731751145911,2.2477,1.5878,0.0809,0.02336
1693731751212585,2.2526,1.5857,0.0875,-0.00196
1693731751279252,2.2502,1.5914,0.0863,-0.00066
1693731751345921,2.2528,1.5841,0.0901,0.00538
1693731751412599,2.2495,1.5817,0.0928,-0.01195
1693731751479265,2.259,1.5854,0.1035,-0.01076
1693731751545932,2.2865,1.652,0.1265,0.00514
1693731751612608,1.9992,0.561,0.3301,-0.47884
1693731751679326,2.0165,0.4564,0.1105,-0.3177
1693731751745988,1.9923,0.384,0.1072,-0.24768
1693731751812661,1.9569,0.3024,0.1025,-0.16416
1693731751879328,1.2277,0.3911,-0.3402,-2.62037
1693731751945995,1.1565,0.421,-0.3989,-2.72545
1693731752012685,1.1482,0.4253,-0.4058,-2.67992
1693731752079349,1.1474,0.4245,-0.405,-2.71546
1693731752146017,1.1416,0.4043,-0.4217,1.82166
1693731752212693,1.1326,0.3833,-0.4202,1.82068
1693731752279358,1.1319,0.3812,-0.4192,1.77798
1693731752346030,1.1322,0.3812,-0.4184,1.80649
1693731752412701,1.1326,0.3812,-0.418,1.80178
1693731752479368,1.133,0.3815,-0.4172,1.80104
1693731752546029,1.1331,0.3819,-0.4164,1.81609
1693731752607699,1.1334,0.3821,-0.4159,1.82015
1693731752674363,1.1338,0.3823,-0.4165,1.82674
1693731752741027,1.1337,0.3823,-0.4166,1.83591
1693731752797703,1.1341,0.3824,-0.4167,1.82575
1693731752864376,1.1341,0.3826,-0.4162,1.83019
1693731752931039,1.1344,0.3829,-0.4155,1.81528
1693731752997716,1.1348,0.3833,-0.4145,1.81653
1693731753064386,1.1348,0.3835,-0.4141,1.82956
1693731753131051,1.1348,0.3834,-0.4144,1.82996
1693731753197726,1.1352,0.3836,-0.4148,1.82067
1693731753264393,1.1353,0.3836,-0.4149,1.82078
1693731753331058,1.1354,0.3838,-0.4146,1.82061
1693731753397734,1.1358,0.3839,-0.4146,1.79626
1693731753464398,1.1358,0.3846,-0.414,1.79603
1693731753531059,1.1359,0.3847,-0.4141,1.79491
1693731753597734,1.136,0.3849,-0.4135,1.79588
1693731753664404,1.136,0.3852,-0.413,1.79678
1693731753731070,1.1362,0.3853,-0.413,1.79544
1693731753797744,1.1364,0.3853,-0.4129,1.79234
1693731753864408,1.1364,0.3853,-0.413,1.79487
1693731753931075,1.1363,0.3856,-0.4117,1.79822
1693731753997751,1.1364,0.3856,-0.4117,1.79942
1693731754064423,1.1367,0.3855,-0.4125,1.79728
1693731754131087,1.1365,0.3854,-0.4123,1.80257
1693731754197753,1.1366,0.3856,-0.4123,1.79681
1693731754264424,1.1369,0.3858,-0.4141,1.7826
1693731754331091,1.1441,0.3818,-0.43,1.28139
1693731754397765,1.1449,0.3818,-0.4319,1.26127
1693731754464436,1.1451,0.3819,-0.4323,1.26418
1693731754531095,1.1454,0.3824,-0.4325,1.25568
1693731754597772,1.1454,0.3825,-0.4324,1.26401
1693731754664439,1.1454,0.3824,-0.4321,1.26937
1693731754731107,1.1456,0.3826,-0.4323,1.2638
1693731754797781,1.1456,0.383,-0.4324,1.25827
1693731754864452,1.1455,0.3834,-0.4332,1.24403
1693731754931121,1.1455,0.3835,-0.4339,1.23602
1693731754997799,1.1456,0.3835,-0.4342,1.23388
1693731755064471,1.1457,0.3832,-0.4342,1.23876
1693731755131139,1.1457,0.3835,-0.4342,1.22931
1693731755197813,1.1456,0.3839,-0.4347,1.22356
1693731755264486,1.1455,0.3852,-0.4359,1.20984
1693731755331151,1.1445,0.3846,-0.4368,1.21237
1693731755397827,1.1455,0.3857,-0.4359,1.22045
1693731755464496,1.1456,0.386,-0.4359,1.2212
1693731755531163,1.1454,0.3864,-0.4362,1.21177
1693731755597837,1.1455,0.3861,-0.4359,1.21448
1693731755664506,1.1452,0.3862,-0.4364,1.20893
1693731755731173,1.1451,0.3866,-0.4368,1.21912
1693731755797850,1.1449,0.3856,-0.4368,1.22015
1693731755864516,1.1445,0.385,-0.4364,1.21527
1693731755931182,1.1444,0.3847,-0.436,1.21936
1693731755997865,1.1446,0.385,-0.4361,1.21539
1693731756064537,1.1446,0.3858,-0.4361,1.22574
1693731756131203,1.1451,0.3858,-0.4352,1.23209
1693731756197883,1.145,0.3853,-0.4348,1.23323
1693731756264549,1.1454,0.3856,-0.4345,1.24348
1693731756331217,1.1455,0.3854,-0.4341,1.2406
1693731756397894,1.1452,0.3853,-0.4345,1.23151
1693731756464569,1.1453,0.3855,-0.4345,1.23433
1693731756531236,1.1454,0.3858,-0.4349,1.23616
1693731756597915,1.1451,0.3856,-0.4352,1.23776
1693731756664591,1.1453,0.386,-0.4347,1.23322
1693731756731258,1.1455,0.3862,-0.4347,1.24415
1693731756797931,1.1447,0.3856,-0.4354,1.2463
1693731756864603,1.1454,0.386,-0.4342,1.2529
1693731756931268,1.1454,0.3856,-0.4338,1.2467
1693731756997945,1.145,0.3853,-0.434,1.24884
1693731757064623,1.1446,0.3849,-0.4343,1.25116
1693731757131289,1.1451,0.3854,-0.4337,1.25246
1693731757197965,1.1453,0.3855,-0.4336,1.24936
1693731757264642,1.1451,0.3854,-0.434,1.24044
1693731757331304,1.1448,0.3851,-0.4348,1.22679
1693731757397978,1.1439,0.3855,-0.4372,1.19949
1693731757464646,1.1208,0.3938,-0.4529,0.41224
1693731757531313,1.1323,0.3976,-0.4101,-2.85376
1693731757597986,1.1623,0.423,-0.4022,-2.40511
1693731757664650,1.3619,0.5041,0.8835,-2.23668
1693731757731315,1.5083,1.7558,1.2869,-2.59007
1693731757797993,1.789,1.7926,0.8966,-2.7372
1693731757864666,1.83,1.8274,0.7448,-2.72302
1693731757931333,1.7989,1.8594,0.7268,-2.775
1693731757998008,1.796,1.8229,0.7346,-2.86854
1693731758064684,1.7909,1.8357,0.7443,-2.85199
1693731758131347,1.8029,1.8436,0.7454,-2.85646
1693731758198025,1.7992,1.8507,0.7564,-2.84656
1693731758264694,1.7808,1.867,0.7591,-2.87233
1693731758331361,1.7797,1.8788,0.7484,-2.89967
1693731758398035,1.7649,1.8774,0.7376,-2.92696
1693731758464707,1.7624,1.8784,0.7079,-2.93901
1693731758531370,1.7752,1.9276,0.738,-2.93646
1693731758608044,1.7512,1.8801,0.6928,-2.97286
1693731758674708,1.739,1.8524,0.6727,-3.00902
1693731758741374,1.7291,1.9131,0.6573,-3.11031
1693731758813046,1.7628,2.1257,0.0647,-3.04957
1693731758879714,1.7447,2.1276,0.0356,-3.0391
1693731758946376,1.7331,2.0509,0.0654,-2.97328
1693731759013051,1.7367,1.9601,0.1172,-2.88427
1693731759079706,1.7471,1.9569,0.1606,-2.78039
1693731759146371,1.7889,1.8968,0.2267,-2.67296
1693731759213048,1.7799,1.8836,0.301,-2.60775
1693731759279718,1.831,1.9091,0.4123,-2.64886
1693731759346380,1.9087,1.9707,0.4378,-2.4065
1693731759413060,1.9654,1.6812,0.454,-2.164
1693731759479724,1.9356,1.0348,0.5037,-1.99862
1693731759546394,1.8601,0.6926,0.5569,-1.77745
1693731759613067,1.8125,0.5478,0.5144,-1.70239
1693731759679737,1.817,0.3199,0.4788,-1.56165
1693731759746406,1.9056,-0.0554,0.5978,-1.35717
1693731759813081,1.9401,-0.0685,0.6047,-1.28291
1693731759879746,1.9582,0.0268,0.603,-1.17351
1693731759946411,1.9464,0.1187,0.592,-1.10711
1693731760013089,1.8882,0.2312,0.5726,-1.14587
1693731760079759,1.3984,0.6496,0.5025,-1.39395
1693731760146428,1.3459,0.7614,0.4899,-1.28619
1693731760213103,1.3428,0.8447,0.4788,-1.2196
1693731760279772,1.3372,0.9281,0.4624,-1.15625
1693731760346439,1.3262,1.0307,0.4296,-1.12225
1693731760479787,1.3065,1.2601,0.3766,-1.04393
1693731760546454,1.3105,1.3337,0.3539,-1.01201
1693731760613122,1.3207,1.3836,0.3328,-0.96112
1693731760679800,1.3359,1.4346,0.3125,-0.91674
1693731760746467,1.3525,1.5027,0.2898,-0.87698
1693731760813143,1.375,1.5616,0.2753,-0.82682
1693731760879808,1.3926,1.6325,0.2492,-0.78133
1693731760946474,1.4082,1.7024,0.228,-0.74428
1693731761013149,1.4223,1.7693,0.2074,-0.69877
1693731761079817,1.4394,1.8257,0.1886,-0.66643
1693731761146488,1.4555,1.886,0.1683,-0.61385
1693731761213166,1.4718,1.9589,0.1518,-0.57121
1693731761279837,1.4818,2.0192,0.1333,-0.532
1693731761346500,1.5051,2.0688,0.1179,-0.5033
1693731761413180,1.5283,2.1248,0.1085,-0.49753
1693731761479847,1.5443,2.1866,0.1029,-0.53667
1693731761546519,1.5602,2.2406,0.1027,-0.59661
1693731761613195,1.5596,2.2779,0.1094,-0.62754
1693731761679864,1.5478,2.3061,0.1242,-0.63472
1693731761746533,1.5574,2.3303,0.1359,-0.66666
1693731761813198,1.5604,2.3656,0.1382,-0.71345
1693731761879876,1.5671,2.4036,0.14,-0.73552
1693731761946545,1.5685,2.4494,0.1367,-0.77208
1693731762013223,1.587,2.4946,0.1294,-0.79392
1693731762079894,1.6124,2.5336,0.1239,-0.78989
1693731762146560,1.6275,2.5911,0.115,-0.80983
1693731762213237,1.6555,2.6511,0.1147,-0.82216
1693731762279906,1.6733,2.7115,0.1129,-0.85587
1693731762346574,1.6891,2.7794,0.1209,-0.88229
1693731762413250,1.7399,2.8338,0.1198,-0.91967
1693731762479919,1.7623,2.879,0.1208,-0.94505
1693731762546585,1.7864,2.9309,0.119,-0.9529
1693731762613265,1.8024,2.9828,0.1117,-0.96196
1693731762679930,1.8339,3.0345,0.1036,-0.98087
1693731762746595,1.891,3.0382,0.1026,-0.98756
1693731762813270,1.8061,2.2843,0.1136,-1.05783
1693731762879938,1.8932,2.1176,0.1211,-1.07089
1693731762946604,2.4086,1.8908,0.1467,-0.95825
1693731763013280,2.4792,1.9107,0.1472,-0.98251
1693731763079944,2.4898,1.9737,0.1397,-1.02971
1693731763146612,2.5288,2.0162,0.1299,-1.06046
1693731763213279,2.5837,2.0574,0.1166,-1.06304
1693731763279950,2.6205,2.1107,0.1032,-1.06166
1693731763346614,2.6535,2.1552,0.0959,-1.10252
1693731763413282,2.6877,2.2159,0.0893,-1.15543
1693731763479943,2.6706,2.2718,0.0864,-1.20148
1693731763546616,2.6896,2.3678,0.0857,-1.28892
1693731763613295,2.7386,2.4047,0.0866,-1.32059
1693731763679965,2.7837,2.4306,0.0875,-1.33254
1693731763746624,2.807,2.4473,0.0828,-1.31367
1693731763813305,2.7832,2.4078,0.0767,-1.21665
1693731763879974,2.6719,2.4301,0.0607,-1.23251
1693731763946643,2.6906,2.4536,0.0545,-1.26271
1693731764013320,2.6855,2.4736,0.0483,-1.34135
1693731764079982,2.6925,2.4866,0.045,-1.35183
1693731764146652,2.7007,2.4984,0.0411,-1.35186
1693731764213332,2.5197,2.52,0.0298,-1.38709
1693731764279992,2.3614,2.5288,0.0269,-1.49457
1693731764346661,2.385,2.5245,0.0119,-1.5074
1693731764413330,2.3906,2.503,0.0016,-1.50611
1693731764480004,2.4413,2.4959,-0.005,-1.52553
1693731764546673,2.5122,2.4694,-0.0015,-1.53537
1693731764613342,2.5352,2.4302,0.0119,-1.50512
1693731764680011,2.8739,2.5686,0.0902,-1.49506
1693731764746679,2.9021,2.5984,0.1059,-1.49448
1693731764813356,2.9341,2.6029,0.1112,-1.49569
1693731764880025,2.9522,2.5903,0.1123,-1.49332
1693731764946693,2.9857,2.5347,0.1072,-1.43239
1693731765013373,3.0045,2.5352,0.1109,-1.42176
1693731765080039,3.0164,2.521,0.1073,-1.289
1693731765146708,3.0422,2.537,0.1047,-1.2816
1693731765213385,3.0469,2.5346,0.1129,-1.26508
1693731765280055,3.0618,2.5587,0.1195,-1.25142
1693731765346724,3.0578,2.5676,0.1228,-1.23409
1693731765413402,3.1152,2.5539,0.13,-1.21786
1693731765480071,3.1041,2.5478,0.1446,-1.18983
1693731765546740,2.6798,2.5649,0.1298,-1.14483
1693731765613416,2.5206,2.6536,0.1204,-1.17592
1693731765680086,2.546,2.602,0.1156,-1.14989
1693731765746753,2.2837,2.6744,0.1083,-1.19485
1693731765813429,2.2449,2.6358,0.1122,-1.18966
1693731765946768,2.2892,2.6404,0.13,-1.21501
1693731766013441,2.3007,2.6815,0.1363,-1.23675
1693731766080111,2.313,2.7907,0.1279,-1.3513
1693731766146776,2.3687,2.782,0.1316,-1.35403
1693731766213455,2.4494,2.7814,0.1453,-1.37595
1693731766280121,2.5289,2.7676,0.1626,-1.37528
1693731766346791,2.584,2.7485,0.1803,-1.38827
1693731766413465,2.666,2.751,0.2095,-1.39354
1693731766480133,2.7196,2.7671,0.2348,-1.39666
1693731766546800,2.7831,2.7655,0.2575,-1.40696
1693731766613475,2.8423,2.7826,0.274,-1.43567
1693731766680143,2.8683,2.797,0.2859,-1.46013
1693731766746810,2.9404,2.8042,0.2971,-1.47754
1693731766813486,2.9932,2.8203,0.3131,-1.48552
1693731766880156,3.0489,2.9399,0.3296,-1.49814
1693731766946821,3.1133,2.9717,0.3446,-1.48782
1693731767013495,3.1887,3.0088,0.3654,-1.48372
1693731767080165,3.2651,3.921,0.3317,-1.73302
1693731767146831,3.2621,4.0309,0.3436,-1.72921
1693731767213505,3.2817,4.1246,0.3659,-1.75821
1693731767280176,3.2897,4.1388,0.3851,-1.76432
1693731767346844,3.3205,4.1479,0.3954,-1.74129
1693731767413524,3.3622,4.1715,0.3984,-1.74256
1693731767480191,3.3892,4.2246,0.4095,-1.73858
1693731767546859,2.3708,4.6384,0.3911,-1.9495
1693731767613535,2.3311,4.7793,0.4065,-1.97464
1693731767680204,2.3301,4.8515,0.426,-1.94985
1693731767746872,2.3174,4.9855,0.4255,-1.98474
1693731767813550,2.3289,5.2315,0.4161,-2.07356
1693731767880217,2.3845,5.425,0.4145,-2.15196
1693731767946884,2.5122,5.4685,0.4173,-2.13858
1693731768013550,2.8127,5.5895,0.4154,-2.25639
1693731768080222,3.0226,5.6249,0.4188,-2.25848
1693731768146893,3.0208,5.6408,0.4191,-2.22669
1693731768213559,2.9259,5.7091,0.4105,-2.37744
1693731768280222,3.1445,5.5887,0.4411,-2.36603
1693731768346879,3.3758,5.4983,0.5164,-2.39765
1693731768413544,3.5136,5.478,0.5611,-2.39514
1693731768480216,3.5129,5.471,0.5678,-2.38276
1693731768546885,3.5436,5.4538,0.563,-2.36327
1693731768613564,3.6402,5.4207,0.5511,-2.37309
1693731768680234,3.7987,5.285,0.5215,-2.46457
1693731768746903,3.8895,5.2863,0.5039,-2.50595
1693731768813581,3.8866,5.2598,0.5006,-2.46503
1693731768880254,3.5616,4.7398,0.5164,-2.15326
1693731768946921,3.4247,4.4551,0.5394,-2.01001
1693731769013602,3.3898,4.3092,0.565,-1.87318
1693731769080310,3.3947,4.181,0.6062,-1.74973
1693731769146966,3.4342,3.9959,0.6187,-1.61925
1693731769213628,3.6067,2.9197,0.6576,-1.21403
1693731769280298,3.6505,2.7111,0.6519,-1.0827
1693731769346964,3.6755,2.76,0.6397,-1.04285
1693731769413630,3.666,2.8774,0.6231,-1.04727
1693731769480296,3.6504,3.0311,0.6195,-1.12358
1693731769546959,3.6126,3.2116,0.6146,-1.15969
1693731769613632,3.5914,3.2832,0.6116,-1.11945
1693731769680302,3.5968,3.3361,0.6117,-1.07819
1693731769746966,3.5739,3.3627,0.607,-1.025
1693731769813645,3.5466,3.3825,0.6036,-0.97071
1693731769880315,3.5994,3.679,0.5992,-1.23721
1693731769946983,3.7079,4.0786,0.5887,-1.29826
1693731770013661,3.8707,4.1994,0.5931,-1.17922
1693731770080323,3.9567,4.2669,0.5958,-1.11439
1693731770146988,4.0995,4.3079,0.6026,-1.02639
1693731770213668,4.545,4.2752,0.6049,-0.90903
1693731770280334,4.888,4.1707,0.6336,-0.77155
1693731770346994,5.9334,3.8011,0.6351,-0.47647
1693731770413663,6.0794,3.7799,0.6158,-0.40472
1693731770480334,6.0373,3.8064,0.6143,-0.31107
1693731770547003,6.0449,3.8142,0.5827,-0.19818
1693731770613674,6.1181,3.8026,0.565,-0.05939
1693731770680346,6.1463,3.7948,0.5239,0.09029
1693731770747015,6.1897,3.818,0.4928,0.15936
1693731770813694,6.2679,3.8467,0.462,0.2471
1693731770880367,6.3118,3.8717,0.4385,0.32335
1693731770947027,6.9474,2.9478,0.4854,0.92215
1693731771013708,6.9699,2.8171,0.4504,0.85958
1693731771080379,7.0385,1.9619,0.4339,0.59337
1693731771147048,7.072,1.8506,0.3997,0.65414
1693731771213727,7.0253,1.8753,0.3764,0.65615
1693731771280397,7.016,1.9189,0.3466,0.68491
1693731771347063,7.0102,1.9574,0.3238,0.69525
1693731771413743,6.99,2.048,0.2882,0.73828
1693731771480407,6.9719,2.1195,0.2816,0.76604
1693731771547066,6.9521,2.175,0.2714,0.78946
1693731771613735,6.9347,2.2171,0.2712,0.81286
1693731771680409,6.9082,2.2485,0.268,0.82153
1693731771747075,6.8824,2.3169,0.2666,0.83357
1693731771813747,6.8618,2.3566,0.2586,0.81999
1693731771880418,6.8448,2.3722,0.2487,0.82229
1693731771947089,6.8287,2.419,0.2385,0.80486
1693731772013768,6.8173,2.4431,0.2368,0.80521
1693731772080439,6.8176,2.4436,0.2347,0.81907
1693731772147096,6.8427,2.4023,0.2266,0.79936
1693731772213776,6.8236,2.341,0.2221,0.73919
1693731772280445,6.7741,2.4011,0.2212,0.71195
1693731772347115,6.755,2.4729,0.2078,0.72039
1693731772413795,6.729,2.525,0.1891,0.75184
1693731772480461,6.7118,2.588,0.1762,0.80339
1693731772547129,6.6766,2.5817,0.1666,0.86261
1693731772613810,6.6345,2.6168,0.1703,0.875
1693731772680478,6.6379,2.6806,0.173,0.92339
1693731772747140,6.5981,2.7757,0.1725,0.92009
1693731772813806,6.6082,2.8486,0.1702,0.96056
1693731772880476,6.5548,2.9298,0.1597,0.94113
1693731772947145,6.5151,2.9907,0.1467,0.95331
1693731773013815,6.4685,3.0953,0.1366,0.97865
1693731773080484,6.4329,3.1435,0.1368,0.99346
1693731773147154,6.3625,3.1894,0.1414,0.98133
1693731773213835,6.3418,3.2392,0.1496,1.00673
1693731773280506,6.3087,3.2842,0.1491,1.03988
1693731773347164,5.4416,3.0974,0.125,0.77169
1693731773413844,5.3093,3.1427,0.1095,0.8359
1693731773480514,5.2878,3.2128,0.0943,0.86306
1693731773547185,5.2692,3.2807,0.0876,0.93405
1693731773613865,5.2369,3.3497,0.0857,0.98589
1693731773680534,5.1054,3.3917,0.0847,0.99107
1693731773747202,5.0375,3.4413,0.0852,1.017
1693731773813882,5.0,3.4891,0.0853,1.07499
1693731773880547,4.9786,3.5545,0.0843,1.13559
1693731773947204,4.955,3.6177,0.0832,1.17563
1693731774013882,4.9258,3.6785,0.0754,1.20346
1693731774080554,4.9064,3.7371,0.0705,1.22762
1693731774147221,4.8627,3.7883,0.0693,1.23511
1693731774213890,4.8147,3.8414,0.0745,1.23803
1693731774280561,4.7557,3.881,0.0828,1.24061
1693731774347231,4.6986,3.9114,0.091,1.2713
1693731774413905,4.6469,3.9442,0.0968,1.31647
1693731774480576,4.57,3.9685,0.1005,1.35686
1693731774547234,4.5023,3.9961,0.0969,1.38581
1693731774613913,4.4489,4.0348,0.0898,1.42515
1693731774680583,4.4004,4.0889,0.0874,1.4577
1693731774747243,4.3302,4.1241,0.0851,1.47264
1693731774813921,4.2548,4.1529,0.0893,1.47629
1693731774880593,4.1651,4.1727,0.0908,1.46779
1693731774947261,4.0856,4.1865,0.0933,1.45091
1693731775013940,4.0083,4.2182,0.0996,1.4434
1693731775080610,3.9354,4.2365,0.1046,1.44852
1693731775147272,3.8608,4.2561,0.1053,1.48743
1693731775213952,3.7839,4.2467,0.1058,1.50632
1693731775280623,3.7094,4.2489,0.1096,1.52323
1693731775347291,3.6409,4.2728,0.1135,1.51386
1693731775413972,3.5645,4.2857,0.1217,1.52221
1693731775480638,3.4759,4.2869,0.1309,1.51851
1693731775547303,3.3983,4.2872,0.1365,1.52441
1693731775613982,3.3235,4.3014,0.1362,1.542
1693731775680650,3.2546,4.2967,0.1288,1.5458
1693731775747314,3.1841,4.2974,0.1198,1.57107
1693731775813992,3.1068,4.2963,0.1171,1.59825
1693731775880660,3.0202,4.3033,0.1194,1.64136
1693731775947327,2.9331,4.3196,0.1261,1.67613
1693731776014005,2.841,4.3494,0.1307,1.70145
1693731776080672,2.7529,4.3606,0.1262,1.71814
1693731776147336,2.6637,4.3659,0.1277,1.72439
1693731776214012,2.5687,4.3728,0.1408,1.73895
1693731776280681,2.4396,4.3735,0.142,1.76458
1693731776347349,2.3614,4.3813,0.1408,1.77087
1693731776414024,2.2488,4.3824,0.1422,1.79384
1693731776480692,2.1404,4.3865,0.1405,1.78167
1693731776547357,2.0414,4.3966,0.1456,1.78451
1693731776614032,1.9667,4.399,0.1432,1.79285
1693731776680699,1.877,4.3983,0.1524,1.79915
1693731776747367,1.5187,4.3878,0.1306,1.81145
1693731776814042,1.3587,4.3741,0.1281,1.81259
1693731776880710,1.2716,4.3754,0.125,1.82964
1693731776947377,1.1548,4.3621,0.1051,1.81949
1693731777014056,1.0767,4.3687,0.1067,1.82386
1693731777080723,0.991,4.37,0.1019,1.81676
1693731777147392,0.9204,4.3625,0.109,1.80331
1693731777214068,0.8427,4.3573,0.1007,1.8042
1693731777280737,0.7856,4.3437,0.0969,1.80952
1693731777347402,0.731,4.3338,0.0905,1.82002
1693731777414078,0.6789,4.3088,0.0948,1.82512
1693731777480747,0.6059,4.2924,0.0889,1.82069
1693731777547415,0.5337,4.2824,0.0767,1.82059
1693731777614090,0.4378,4.2746,0.0713,1.79802
1693731777680760,0.3215,4.2658,0.0804,1.78051
1693731777747424,0.2297,4.2642,0.0881,1.7493
1693731777814100,0.1603,4.2708,0.0885,1.71087
1693731777880768,0.1085,4.2767,0.0825,1.6712
1693731777947435,0.0552,4.2871,0.0683,1.62467
1693731778014113,0.0156,4.2916,0.056,1.56835
1693731778080782,-0.0112,4.2933,0.0476,1.52621
1693731778147444,-0.0397,4.297,0.0435,1.51603
1693731778214118,-0.095,4.2891,0.0347,1.52641
1693731778280787,-0.1485,4.2815,0.0405,1.52816
1693731778347451,-0.2097,4.27,0.0389,1.5567
1693731778414129,-0.2643,4.2357,0.0379,1.59406
1693731778480799,-0.3133,4.2125,0.0384,1.61996
1693731778547467,-0.3806,4.1435,0.0291,1.58856
1693731778614145,-0.4514,4.1643,0.0287,1.62946
1693731778680813,-0.5028,4.1408,0.0265,1.64925
1693731778747480,-0.541,4.1363,0.032,1.5816
1693731778814158,-0.5532,4.1292,0.0409,1.52719
1693731778880829,-0.5305,4.1312,0.0574,1.51809
1693731778947496,-0.5599,4.122,0.0567,1.57574
1693731779014174,-0.6094,4.1003,0.0595,1.64607
1693731779080842,-0.6339,4.0826,0.0503,1.60482
1693731779147510,-0.6719,4.0766,0.0425,1.54737
1693731779214188,-0.667,4.081,0.0371,1.56123
1693731779280858,-0.6496,4.0753,0.0379,1.57384
1693731779347519,-0.6394,4.0767,0.0413,1.58493
1693731779414191,-0.6817,4.087,0.0547,1.59592
1693731779480857,-0.6367,4.0925,0.0667,1.59524
1693731779547523,-0.6545,4.0944,0.058,1.59246
1693731779614200,-0.6742,4.0829,0.0432,1.56869
1693731779680866,-0.6672,4.0826,0.0442,1.56455
1693731779747533,-0.6619,4.0843,0.044,1.59453
1693731779814211,-0.6473,4.0859,0.0433,1.59812
1693731779880875,-0.6536,4.1,0.0342,1.59036
1693731779947539,-0.6438,4.0989,0.0343,1.58098
1693731780014211,-0.6487,4.0945,0.0292,1.56315
1693731780080879,-0.6624,4.0998,0.0281,1.554
1693731780147547,-0.6553,4.0961,0.0263,1.5451
1693731780214223,-0.6455,4.1038,0.0272,1.55598
1693731780280890,-0.6526,4.0988,0.0221,1.55339
1693731780347558,-0.6571,4.0958,0.0231,1.55337
1693731780414233,-0.6504,4.0979,0.0231,1.54616
1693731780480901,-0.645,4.0981,0.0221,1.53776
1693731780547565,-0.6454,4.0984,0.0227,1.52905
